id,name,tweet_count,user_count,tweet_count_per_pos,other_voted_idols,profile_idols
1,chinatsu-aikawa,852,723,129_167_140_230_186,2:59|3:99|4:79|7:153|8:75|14:67|16:78|17:235|18:54|19:123|21:96|24:67|27:124|33:70|34:85|35:106|40:63|41:172|45:50|60:117|68:62|72:62|73:81|78:117|82:90|83:74|85:72|88:79|91:67|92:86|94:80|95:52|97:112|100:76|104:71|136:86|139:85|142:144|144:96|145:67|149:169|167:73|173:92|180:68|184:131|186:289|190:229,1:17|2:1|3:9|4:3|5:5|6:1|7:1|8:2|10:2|11:1|12:11|13:1|14:2|15:2|16:10|17:5|18:1|19:7|20:4|21:3|22:1|23:3|25:2|28:1|29:1|30:2|31:1|32:39|33:3|34:2|35:7|36:3|37:3|38:5|39:10|40:5|41:24|42:23|43:6|44:8|46:1|47:6|48:7|49:6|50:15|51:1|52:2|53:10|54:1|55:2|56:2|58:7|59:7|60:2|61:2|62:5|63:2|64:5|65:2|66:6|67:1|68:6|69:8|71:5|72:2|73:13|74:12|75:1|76:3|77:8|80:2|81:5|82:1|83:11|84:9|86:5|87:1|88:9|89:5|90:5|93:2|94:10|96:3|97:1|98:17|99:4|100:5|101:7|102:9|103:4|104:8|105:4|106:4|107:1|108:14|109:4|110:1|111:5|112:4|113:5|114:1|115:2|116:10|117:2|118:3|119:3|120:12|121:6|122:1|124:6|126:2|127:2|128:23|129:1|130:2|131:12|132:10|133:5|134:3|135:1|136:11|137:3|138:2|139:11|140:6|141:3|142:1|143:11|144:4|145:1|146:10|147:4|148:7|149:7|150:2|151:4|152:2|153:3|156:1|157:5|159:4|160:9|161:3|162:11|163:4|164:4|165:2|166:1|167:2|169:2|170:2|171:1|172:5|173:14|174:1|175:11|176:1|177:4|178:1|179:4|180:1|181:8|182:6|183:5|184:4|185:5|186:14|187:9|188:2|190:18
2,nagisa-aino,317,256,47_56_53_74_87,1:59|3:50|4:49|7:39|8:33|14:38|16:57|17:53|18:43|19:31|21:60|24:46|27:54|33:38|34:43|35:50|40:35|41:42|45:28|60:51|68:33|72:32|73:29|78:53|82:36|83:30|85:45|88:36|91:55|92:49|94:37|95:33|97:61|100:42|104:33|136:50|139:43|142:48|144:33|145:51|149:62|167:39|173:37|180:52|184:75|186:66|190:63,1:1|2:4|3:3|4:3|5:1|6:1|7:2|9:1|10:2|11:3|12:2|13:2|15:1|16:6|17:1|18:2|19:2|21:3|24:1|25:1|27:1|29:1|32:2|33:1|34:2|35:3|36:1|37:2|39:6|40:2|41:6|42:4|43:4|46:2|47:3|49:1|50:6|52:1|53:3|54:2|56:1|57:1|58:1|59:3|60:2|61:2|62:2|63:1|64:3|65:1|66:2|69:3|71:1|72:1|73:3|75:1|76:1|78:1|80:2|81:3|82:2|83:3|84:1|86:1|87:1|88:5|93:3|94:3|96:1|98:2|99:1|101:3|102:5|103:3|104:2|105:1|109:1|110:1|111:1|112:4|113:2|114:1|115:1|116:3|117:1|118:1|119:3|120:1|121:3|122:2|124:1|128:2|129:1|130:1|131:5|132:4|133:1|134:10|136:9|137:1|138:4|139:5|140:3|141:1|142:1|143:7|144:2|145:5|146:3|147:2|148:1|149:3|150:3|151:2|152:2|153:3|154:1|156:2|157:4|158:5|159:2|160:1|161:1|163:1|164:5|165:3|166:2|170:1|172:1|173:7|174:1|175:1|176:1|178:1|179:1|180:1|181:2|182:2|183:3|184:5|185:3|186:1|187:6|188:3
3,yumi-aiba,1841,1507,393_399_362_351_336,1:99|2:50|4:118|7:57|8:186|14:54|16:512|17:124|18:45|19:381|21:329|24:116|27:161|33:29|34:75|35:90|40:110|41:80|45:35|60:95|68:334|72:86|73:351|78:373|82:32|83:291|85:94|88:244|91:62|92:157|94:160|95:78|97:109|100:434|104:310|136:114|139:502|142:105|144:196|145:236|149:159|167:72|173:150|180:143|184:114|186:329|190:118,1:1|3:132|4:2|5:12|7:2|8:7|9:6|10:6|11:6|12:2|13:2|14:2|15:9|16:45|17:1|18:1|19:33|20:4|21:10|23:2|24:4|25:6|29:6|30:3|32:26|34:4|35:5|36:6|37:34|38:6|39:32|40:9|41:5|42:30|43:4|44:18|46:2|47:13|48:12|49:1|50:12|52:2|53:14|55:5|56:3|57:2|58:3|59:28|61:2|62:11|63:1|64:13|65:44|66:9|68:48|69:6|70:2|71:2|72:1|73:49|74:23|75:8|76:9|77:8|78:8|79:1|80:10|81:24|83:53|84:29|85:5|86:15|87:2|88:18|89:7|90:19|92:2|93:11|94:3|96:2|98:42|99:2|100:38|101:12|102:92|103:9|104:24|105:1|106:18|107:2|108:9|109:7|110:16|111:2|112:14|113:4|114:9|115:5|116:12|118:1|119:2|120:43|121:27|122:1|123:1|124:3|126:5|127:9|128:40|129:6|130:1|131:39|132:36|133:15|134:13|135:9|136:20|137:9|138:1|139:60|140:3|143:58|144:10|145:9|146:16|147:15|148:19|149:10|150:4|152:3|153:3|154:4|156:1|157:6|158:3|159:20|160:35|161:9|162:13|163:2|164:2|166:2|167:3|168:1|169:1|170:6|171:4|172:17|173:11|174:1|175:12|176:2|177:1|179:5|180:6|181:6|182:12|183:8|184:1|185:24|186:8|187:11|188:11|189:5|190:4
4,yukino-aihara,688,555,95_137_126_155_175,1:79|2:49|3:118|7:94|8:61|14:52|16:98|17:76|18:56|19:80|21:146|24:79|27:100|33:37|34:104|35:80|40:49|41:50|45:46|60:87|68:113|72:136|73:89|78:80|82:42|83:59|85:72|88:94|91:66|92:118|94:78|95:62|97:77|100:111|104:75|136:75|139:112|142:73|144:69|145:60|149:117|167:69|173:63|180:48|184:63|186:167|190:102,1:3|2:1|3:8|4:23|5:1|7:1|8:5|9:4|10:5|11:3|12:3|13:1|14:2|15:3|16:8|17:1|18:2|19:8|20:2|21:12|22:1|23:1|24:3|25:1|26:1|27:1|29:2|30:2|32:8|34:7|35:7|36:3|37:7|38:5|39:8|40:3|41:7|42:22|43:2|44:7|46:1|47:11|48:5|50:1|53:3|54:4|55:2|56:4|57:1|58:2|59:13|60:2|61:1|62:3|63:3|64:3|65:7|66:1|68:14|69:2|71:3|72:3|73:12|74:9|75:13|76:2|77:6|78:4|80:3|81:3|83:11|84:12|85:4|86:7|87:1|88:8|89:6|90:6|92:3|93:4|94:6|96:1|97:1|98:12|100:7|101:3|102:14|103:1|104:10|105:1|106:7|108:4|109:4|110:13|111:4|112:6|113:5|114:4|115:5|116:8|118:2|119:1|120:8|121:6|123:1|124:6|126:1|127:3|128:10|129:3|130:1|131:8|132:9|133:5|134:5|135:4|136:6|137:4|138:2|139:23|140:1|141:3|143:15|144:8|145:3|147:9|148:7|149:6|150:1|151:3|152:4|154:2|156:3|157:2|158:3|159:6|160:7|161:12|162:4|163:2|164:4|165:7|166:3|167:1|169:1|170:4|171:1|172:6|173:3|174:5|175:2|176:2|177:3|178:1|179:1|180:1|181:6|182:3|183:2|184:1|185:10|186:5|187:7|188:5|189:1|190:6
7,fuka-asano,588,498,71_108_147_137_125,1:153|2:39|3:57|4:94|8:65|14:53|16:51|17:200|18:29|19:55|21:101|24:79|27:72|33:49|34:108|35:66|40:43|41:159|45:37|60:69|68:52|72:75|73:66|78:77|82:36|83:40|85:61|88:76|91:47|92:49|94:67|95:46|97:59|100:62|104:63|136:78|139:69|142:60|144:71|145:43|149:118|167:64|173:58|180:43|184:62|186:185|190:122,1:6|2:1|3:2|4:2|5:2|7:14|8:4|10:2|11:1|12:13|13:2|14:1|16:6|17:5|19:4|20:2|21:4|22:1|24:3|25:2|26:3|28:1|29:3|30:4|32:3|34:10|35:4|36:4|37:7|38:13|39:7|41:27|42:9|43:1|44:4|46:2|47:3|49:2|50:3|51:1|53:5|54:1|56:1|59:3|61:4|62:5|63:6|64:5|65:4|66:3|68:2|69:1|71:3|72:3|73:12|74:8|75:3|76:6|77:2|78:2|79:1|80:1|81:2|83:9|84:7|85:1|86:1|87:1|88:10|89:5|90:8|93:5|94:5|95:1|98:6|99:1|100:3|101:3|102:9|103:3|104:2|105:3|106:3|108:2|109:3|110:1|111:6|112:3|113:2|114:5|115:13|116:12|119:2|120:3|121:3|123:1|124:5|126:4|127:1|128:3|129:2|130:1|131:10|132:8|133:7|134:3|135:1|136:4|137:6|138:2|139:13|140:3|141:3|142:2|143:1|144:5|145:3|146:3|147:7|148:6|149:6|150:1|151:3|152:2|154:1|157:1|158:1|159:3|160:6|161:8|162:2|163:2|164:4|165:4|166:4|167:2|168:1|169:2|170:6|171:3|172:5|173:11|174:4|175:11|176:2|177:2|178:1|179:2|180:3|181:6|182:10|183:4|184:1|185:7|186:6|187:3|188:1|189:2|190:6
8,nanami-asari,1470,1254,292_315_299_285_279,1:75|2:33|3:186|4:61|7:65|14:64|16:213|17:226|18:28|19:364|21:225|24:127|27:139|33:40|34:185|35:180|40:81|41:80|45:36|60:64|68:254|72:79|73:185|78:414|82:30|83:147|85:133|88:201|91:54|92:88|94:188|95:71|97:50|100:234|104:281|136:160|139:240|142:93|144:237|145:192|149:170|167:115|173:206|180:168|184:89|186:462|190:109,1:1|3:13|4:4|5:14|8:90|9:5|10:8|11:3|12:4|13:2|15:6|16:15|17:5|18:1|19:36|20:19|21:9|22:3|23:2|24:7|25:2|26:2|27:2|28:3|29:4|30:15|32:18|34:13|35:10|36:3|37:23|38:3|39:16|40:1|41:7|42:20|43:5|44:12|46:1|47:24|48:8|49:1|50:1|51:1|52:1|53:12|54:3|55:4|56:4|57:2|58:3|59:4|61:3|62:14|63:6|64:10|65:15|66:1|68:23|69:3|70:1|71:5|72:4|73:11|74:25|75:11|76:9|77:19|78:17|80:7|81:11|83:25|84:15|85:10|86:9|87:3|88:10|89:10|90:12|91:1|92:1|93:17|94:7|95:2|96:3|98:11|99:2|100:12|101:10|102:17|103:5|104:23|105:2|106:18|107:1|108:6|109:3|110:4|111:5|112:7|113:7|114:5|115:9|116:11|117:1|118:1|119:2|120:11|121:24|122:4|123:2|124:2|126:3|127:9|128:8|129:1|130:2|131:38|132:32|133:17|134:10|135:2|136:15|137:10|138:7|139:31|140:13|141:2|142:1|143:14|144:14|145:9|146:9|147:31|148:6|149:10|150:2|151:1|152:2|154:7|155:1|157:2|158:2|159:11|160:6|161:9|162:12|163:5|164:2|165:26|166:5|167:7|169:2|170:13|171:1|172:23|173:20|174:3|175:10|176:3|177:1|179:4|180:8|181:17|182:20|183:3|184:1|185:30|186:21|187:13|188:3|189:5|190:2
14,miyako-anzai,474,388,70_59_101_127_117,1:67|2:38|3:54|4:52|7:53|8:64|16:61|17:145|18:31|19:61|21:112|24:94|27:66|33:36|34:56|35:105|40:40|41:52|45:30|60:61|68:49|72:57|73:61|78:68|82:30|83:41|85:85|88:74|91:39|92:59|94:59|95:40|97:46|100:60|104:63|136:66|139:73|142:58|144:75|145:91|149:110|167:65|173:54|180:57|184:67|186:149|190:79,1:3|2:1|3:5|4:2|8:2|10:4|11:3|12:6|13:1|14:11|15:1|16:8|17:7|19:3|20:4|21:7|22:1|23:1|24:2|25:1|26:1|29:1|32:5|33:1|34:2|35:8|36:9|37:3|38:1|39:9|40:2|41:5|42:8|44:6|46:1|47:3|48:2|50:1|52:1|53:5|55:3|56:1|57:1|59:2|61:3|62:4|63:3|64:1|65:1|68:1|71:8|73:5|74:2|75:6|76:1|77:4|78:2|81:1|83:8|84:4|85:1|86:1|87:2|88:9|89:5|90:3|93:3|94:6|96:2|98:4|100:2|101:1|102:6|103:5|104:8|105:2|106:2|107:1|108:3|109:4|111:2|112:4|113:3|114:2|115:3|116:12|118:1|119:1|120:4|121:5|122:1|123:1|124:1|126:2|127:3|128:4|129:3|130:1|131:5|132:3|133:8|134:8|136:5|137:4|138:2|139:13|140:4|141:6|143:6|144:7|145:13|146:4|147:4|148:6|149:6|150:2|151:2|154:4|156:1|157:1|159:1|160:2|161:5|163:4|164:2|165:2|166:7|170:1|172:5|173:4|174:2|175:6|176:2|177:3|178:1|180:4|181:4|182:7|183:2|185:9|186:10|187:2|188:1|189:6|190:1
16,kyoko-igarashi,2007,1550,517_417_390_383_300,1:78|2:57|3:512|4:98|7:51|8:213|14:61|17:116|18:31|19:324|21:377|24:127|27:132|33:33|34:95|35:92|40:97|41:95|45:43|60:76|68:247|72:105|73:367|78:416|82:27|83:361|85:90|88:272|91:61|92:144|94:189|95:62|97:85|100:426|104:346|136:136|139:509|142:111|144:158|145:261|149:144|167:87|173:127|180:138|184:182|186:332|190:113,1:1|2:1|3:45|4:4|5:15|7:2|8:11|9:10|10:10|11:5|12:5|13:1|14:1|15:12|16:130|17:2|18:1|19:23|20:7|21:10|24:5|25:1|26:1|27:1|29:8|30:6|32:30|34:6|35:8|36:3|37:39|38:6|39:32|40:3|41:7|42:40|43:4|44:26|46:1|47:18|48:8|49:2|50:3|52:1|53:10|54:1|55:1|56:2|57:2|58:5|59:32|60:1|61:3|62:13|63:2|64:10|65:81|66:13|68:12|69:1|71:5|72:3|73:40|74:41|75:11|76:9|77:16|78:3|80:6|81:18|83:63|84:63|85:4|86:18|87:3|88:19|89:8|90:28|91:2|92:1|93:3|94:5|96:2|97:1|98:36|99:1|100:26|101:6|102:86|103:8|104:27|105:4|106:28|107:3|108:11|109:6|110:16|111:5|112:14|113:6|114:8|115:9|116:12|117:1|118:2|119:3|120:46|121:18|122:2|124:2|126:3|127:3|128:32|129:5|131:45|132:49|133:24|134:9|135:9|136:15|137:11|138:3|139:70|140:3|141:3|143:69|144:10|145:11|146:18|147:28|148:20|149:6|150:1|151:1|152:4|153:2|154:8|155:3|156:4|157:4|158:5|159:23|160:26|161:10|162:5|163:5|164:4|165:9|166:2|167:6|169:1|170:8|171:4|172:15|173:7|174:1|175:10|176:5|177:2|179:3|180:8|181:13|182:8|183:2|184:12|185:24|186:10|187:10|188:13|189:1|190:4
17,akiha-ikebukuro,1826,1385,260_477_391_351_347,1:235|2:53|3:124|4:76|7:200|8:226|14:145|16:116|18:35|19:349|21:250|24:134|27:143|33:86|34:190|35:206|40:84|41:204|45:48|60:110|68:117|72:97|73:134|78:248|82:46|83:105|85:160|88:178|91:72|92:112|94:156|95:69|97:80|100:130|104:159|136:155|139:146|142:204|144:263|145:117|149:429|167:133|173:157|180:152|184:142|186:824|190:232,1:2|2:1|3:8|4:3|5:12|6:1|7:4|8:18|9:3|10:20|11:3|12:14|13:2|14:6|15:6|16:12|17:39|18:1|19:61|20:15|21:7|22:2|23:2|24:3|25:2|26:1|28:1|29:3|30:3|31:1|32:16|33:2|34:8|35:8|36:12|37:10|38:6|39:13|40:9|41:24|42:25|43:7|44:14|45:1|46:1|47:15|48:6|49:5|50:6|52:1|53:6|54:4|55:7|56:6|58:4|59:14|60:1|61:4|62:21|63:11|64:5|65:6|66:4|68:9|69:4|70:1|71:11|72:2|73:14|74:24|75:14|76:4|77:19|78:10|80:9|81:7|83:21|84:12|85:6|86:7|87:4|88:19|89:17|90:24|93:15|94:15|95:1|96:5|98:17|99:2|100:5|101:10|102:18|103:8|104:16|105:2|106:13|107:1|108:9|109:6|110:1|111:6|112:11|113:21|114:5|115:6|116:34|117:1|119:2|120:7|121:22|122:1|123:1|124:6|126:5|127:16|128:13|129:7|131:22|132:16|133:20|134:18|135:5|136:13|137:11|138:6|139:24|140:13|141:7|143:9|144:27|145:8|146:16|147:13|148:9|149:25|150:4|151:3|152:1|153:2|154:6|156:2|157:2|158:2|159:8|160:4|161:10|162:9|163:16|164:8|165:8|166:8|167:2|168:4|169:2|170:6|172:23|173:23|174:3|175:13|176:4|177:6|178:3|179:4|180:8|181:16|182:16|183:7|184:2|185:13|186:69|187:11|188:4|189:4|190:9
18,megumi-ijuin,257,224,20_47_51_72_67,1:54|2:43|3:45|4:56|7:29|8:28|14:31|16:31|17:35|19:44|21:46|24:51|27:55|33:28|34:36|35:49|40:31|41:29|45:35|60:58|68:35|72:34|73:33|78:52|82:55|83:33|85:34|88:30|91:54|92:33|94:30|95:47|97:69|100:38|104:29|136:32|139:42|142:57|144:40|145:36|149:50|167:34|173:35|180:32|184:57|186:68|190:86,1:3|2:3|3:4|4:4|9:2|10:1|11:1|12:1|14:1|15:1|16:5|18:3|19:3|20:1|21:3|22:1|24:1|25:1|27:1|31:1|34:2|35:7|36:1|37:1|39:3|40:2|41:1|42:5|43:2|44:3|47:2|48:1|49:1|50:2|53:2|56:2|58:1|59:4|60:1|61:2|62:1|64:2|65:1|66:3|68:1|69:3|71:2|72:1|73:4|74:4|75:2|76:1|77:1|78:1|79:1|81:1|82:1|83:7|84:2|86:3|88:3|89:3|92:1|93:2|94:2|95:2|97:1|98:6|100:1|101:5|102:3|103:1|104:1|105:3|106:1|108:2|109:1|111:2|112:4|114:9|115:1|116:1|118:1|119:1|120:5|121:2|123:1|124:1|128:5|130:1|131:3|132:4|133:1|134:3|136:3|137:1|138:2|139:6|140:2|141:2|142:1|143:2|144:1|145:5|146:1|147:2|148:2|149:3|152:4|153:1|156:1|157:2|158:1|159:2|160:6|161:3|163:1|164:1|165:1|166:1|170:1|172:1|173:4|175:2|176:2|179:2|180:1|182:1|183:1|184:1|185:4|186:1|187:4|188:1|190:8
19,shiki-ichinose,2393,1961,694_575_396_383_345,1:123|2:31|3:381|4:80|7:55|8:364|14:61|16:324|17:349|18:44|21:214|24:130|27:230|33:37|34:146|35:142|40:140|41:88|45:71|60:117|68:256|72:94|73:476|78:752|82:45|83:386|85:102|88:247|91:75|92:117|94:201|95:81|97:104|100:371|104:405|136:118|139:404|142:183|144:372|145:226|149:220|167:90|173:299|180:235|184:141|186:661|190:173,1:1|3:29|4:2|5:14|8:34|9:12|10:9|11:3|12:6|13:2|14:1|15:9|16:15|17:19|18:2|19:180|20:13|21:11|22:3|23:2|24:4|25:2|27:6|28:1|29:3|30:2|32:31|34:5|35:4|36:5|37:18|38:8|39:23|40:3|41:5|42:39|43:6|44:28|45:1|46:2|47:15|48:5|49:3|50:19|52:4|53:20|54:2|55:3|56:4|58:13|59:31|60:1|61:1|62:20|63:2|64:12|65:16|66:9|68:22|69:16|70:1|71:5|72:3|73:47|74:42|75:14|76:3|77:14|78:26|80:10|81:33|83:53|84:24|85:4|86:26|87:5|88:13|89:15|90:26|92:2|93:17|94:6|96:3|97:3|98:65|99:3|100:22|101:13|102:27|103:9|104:23|105:4|106:20|107:1|108:10|109:4|110:7|111:3|112:10|113:8|114:7|115:3|116:14|118:2|119:2|120:33|121:65|122:2|123:5|124:1|126:3|127:11|128:51|129:4|130:2|131:41|132:36|133:18|134:9|135:11|136:24|137:6|138:5|139:36|140:9|141:4|143:49|144:25|145:7|146:15|147:20|148:8|149:12|150:4|151:2|152:5|153:3|154:15|155:1|156:1|157:9|158:3|159:11|160:23|161:10|162:43|163:6|164:5|165:9|166:10|167:1|168:1|169:2|170:9|171:2|172:26|173:19|175:13|176:4|177:6|179:11|180:17|181:15|182:33|183:6|184:5|185:25|186:38|187:16|188:3|189:3|190:2
21,kana-imai,2139,1582,476_400_401_411_451,1:96|2:60|3:329|4:146|7:101|8:225|14:112|16:377|17:250|18:46|19:214|24:206|27:229|33:51|34:201|35:210|40:74|41:83|45:50|60:89|68:228|72:162|73:244|78:270|82:44|83:152|85:143|88:262|91:82|92:186|94:188|95:103|97:120|100:280|104:268|136:227|139:543|142:141|144:180|145:209|149:309|167:237|173:139|180:128|184:124|186:529|190:168,1:2|2:1|3:27|4:7|5:20|7:3|8:12|9:5|10:15|11:11|12:10|13:4|14:6|15:4|16:40|17:2|19:21|20:10|21:62|22:3|23:3|24:5|25:2|26:1|27:1|28:1|29:4|30:7|32:22|33:3|34:10|35:10|36:10|37:52|38:8|39:33|40:4|41:6|42:33|43:8|44:13|47:31|48:13|49:2|50:11|52:1|53:7|54:7|55:14|56:2|58:4|59:20|61:6|62:19|63:6|64:9|65:38|66:11|68:15|69:2|71:4|72:4|73:28|74:25|75:19|76:11|77:30|78:14|80:12|81:5|83:33|84:36|85:5|86:10|87:3|88:24|89:5|90:22|92:2|93:11|94:16|96:1|97:2|98:24|99:1|100:16|101:15|102:86|103:9|104:34|105:3|106:27|107:3|108:7|109:18|110:14|111:13|112:33|113:8|114:11|115:14|116:23|118:2|119:1|120:23|121:13|122:1|124:3|126:2|127:9|128:12|129:11|130:2|131:45|132:43|133:17|134:10|135:12|136:19|137:15|138:3|139:122|140:17|141:4|143:36|144:5|145:10|146:15|147:14|148:22|149:12|150:2|151:3|152:2|153:4|154:8|155:1|156:5|157:4|158:5|159:20|160:17|161:29|162:3|163:8|164:2|165:8|166:9|167:9|168:1|169:5|170:18|171:6|172:26|173:12|174:3|175:7|176:16|177:2|179:3|180:6|181:26|182:14|183:9|184:1|185:40|186:17|187:17|188:13|189:8|190:4
24,mutsumi-ujiie,997,821,127_202_185_224_259,1:67|2:46|3:116|4:79|7:79|8:127|14:94|16:127|17:134|18:51|19:130|21:206|27:120|33:40|34:115|35:139|40:46|41:56|45:36|60:96|68:103|72:87|73:116|78:164|82:32|83:69|85:145|88:175|91:68|92:93|94:120|95:74|97:86|100:148|104:130|136:137|139:173|142:87|144:107|145:125|149:212|167:97|173:83|180:89|184:101|186:296|190:95,1:1|2:3|3:9|4:7|5:4|8:19|9:2|10:6|11:5|12:2|13:2|14:5|15:7|16:18|17:1|19:12|20:10|21:10|23:2|24:31|25:1|28:2|29:1|30:1|32:5|34:7|35:8|36:9|37:16|38:3|39:15|40:2|41:7|42:22|43:2|44:10|45:1|47:19|48:15|49:1|50:2|53:5|54:7|55:2|56:6|57:1|58:2|59:10|60:3|61:14|62:11|63:4|64:7|65:10|66:5|68:7|70:1|71:2|72:1|73:13|74:10|75:6|76:5|77:19|78:5|79:1|80:12|81:4|83:15|84:7|85:10|86:3|87:3|88:27|89:11|90:10|93:7|94:10|95:1|97:2|98:7|100:14|101:9|102:28|103:3|104:20|105:1|106:15|108:3|109:10|110:3|111:3|112:10|113:7|114:14|115:25|116:10|117:1|118:1|119:2|120:6|121:8|123:3|124:1|126:2|127:6|128:7|129:3|131:28|132:26|133:11|134:9|135:5|136:13|137:10|138:3|139:29|140:6|141:1|143:18|144:9|145:22|146:10|147:12|148:7|149:8|150:4|151:2|152:1|153:1|154:6|156:4|157:2|158:1|159:7|160:5|161:6|162:8|163:7|164:3|165:9|166:4|167:4|169:3|170:19|171:5|172:14|173:6|174:2|175:5|177:3|178:2|179:5|180:3|181:11|182:9|183:8|185:23|186:11|187:11|188:5|189:3|190:1
27,misaki-etou,1203,1004,153_188_249_293_320,1:124|2:54|3:161|4:100|7:72|8:139|14:66|16:132|17:143|18:55|19:230|21:229|24:120|33:47|34:144|35:132|40:83|41:78|45:196|60:130|68:131|72:99|73:110|78:278|82:75|83:115|85:134|88:123|91:85|92:130|94:127|95:105|97:144|100:148|104:136|136:116|139:190|142:128|144:120|145:100|149:201|167:121|173:141|180:94|184:122|186:362|190:170,1:7|2:1|3:19|4:6|5:6|6:1|7:2|8:14|9:3|10:9|11:7|12:9|13:2|14:1|15:7|16:20|17:2|18:1|19:38|20:9|21:3|22:2|24:4|25:1|26:2|27:15|28:1|29:4|30:7|32:22|34:11|35:9|36:5|37:8|38:2|39:13|40:10|41:10|42:32|43:6|44:10|45:3|46:1|47:14|48:5|50:11|53:19|54:3|55:4|56:2|58:12|59:12|60:4|61:3|62:7|63:5|64:7|65:9|66:12|68:16|69:6|70:2|71:8|72:2|73:12|74:28|75:5|76:2|77:7|78:18|79:1|80:6|81:11|82:1|83:12|84:12|85:8|86:21|87:5|88:12|89:6|90:10|91:2|92:2|93:13|94:12|95:1|96:1|97:1|98:21|99:3|100:14|101:7|102:19|103:6|104:14|105:5|106:15|107:1|108:7|109:5|110:9|111:11|112:10|113:2|114:9|115:6|116:12|119:2|120:21|121:15|122:2|124:11|126:3|127:5|128:24|129:3|130:2|131:26|132:24|133:11|134:6|135:6|136:16|137:11|138:5|139:31|140:8|141:4|142:1|143:28|144:11|145:4|146:8|147:14|148:13|149:15|150:3|151:5|152:5|153:6|154:9|155:1|156:2|157:18|158:6|159:7|160:15|161:6|162:17|163:2|164:2|165:7|166:7|167:2|168:2|169:1|170:11|171:2|172:11|173:7|174:1|175:16|176:3|177:4|179:5|180:6|181:4|182:19|183:4|184:2|185:18|186:11|187:11|188:9|189:6|190:7
33,yuriko-ohnishi,294,266,35_60_56_65_78,1:70|2:38|3:29|4:37|7:49|8:40|14:36|16:33|17:86|18:28|19:37|21:51|24:40|27:47|34:67|35:72|40:40|41:45|45:35|60:45|68:31|72:39|73:24|78:56|82:35|83:26|85:45|88:29|91:36|92:33|94:46|95:30|97:38|100:33|104:29|136:55|139:36|142:76|144:75|145:35|149:67|167:41|173:51|180:35|184:55|186:111|190:65,2:1|4:1|5:2|6:1|7:1|8:1|10:4|12:10|13:1|14:1|16:4|19:2|20:3|21:3|23:1|29:2|31:1|32:2|33:6|34:4|35:4|36:1|37:2|38:1|39:3|40:4|41:4|42:9|43:3|44:2|47:4|49:2|50:5|51:1|53:2|54:3|58:5|60:1|61:2|62:1|63:1|64:1|66:3|68:2|69:1|71:1|73:2|74:3|76:2|77:2|78:3|80:1|83:5|84:3|86:2|88:3|89:5|90:1|93:2|94:5|96:1|100:1|101:1|102:2|103:2|104:2|105:2|107:1|108:3|111:2|112:2|113:2|115:1|116:8|119:2|120:2|121:1|122:1|124:1|127:2|128:1|130:2|131:5|132:7|133:1|134:3|136:5|137:2|138:1|139:4|140:2|142:1|143:1|144:13|145:2|146:2|149:4|150:1|151:1|152:1|153:1|156:1|158:1|159:1|160:1|161:2|162:2|163:1|164:2|165:2|166:1|170:1|172:2|173:3|177:2|179:3|180:2|181:4|182:3|183:1|185:3|186:6|187:3|190:2
34,kurumi-ohnuma,1126,949,221_202_215_263_225,1:85|2:43|3:75|4:104|7:108|8:185|14:56|16:95|17:190|18:36|19:146|21:201|24:115|27:144|33:67|35:197|40:92|41:74|45:55|60:78|68:118|72:170|73:93|78:182|82:62|83:67|85:110|88:128|91:53|92:82|94:143|95:68|97:71|100:90|104:171|136:197|139:90|142:130|144:135|145:81|149:207|167:127|173:157|180:115|184:81|186:400|190:141,1:1|2:1|3:4|4:6|5:13|6:1|7:3|8:11|9:4|10:9|11:2|12:5|13:3|14:1|15:3|16:13|17:2|18:2|19:6|20:14|21:8|22:2|23:2|24:4|25:1|28:4|29:17|32:11|33:2|34:48|35:12|36:4|37:9|38:4|39:11|40:9|41:10|42:16|43:7|44:9|45:1|46:1|47:9|48:5|49:3|50:7|53:5|54:9|55:1|56:1|58:2|59:11|60:2|61:6|62:19|63:8|64:2|65:5|66:2|68:9|69:4|71:6|72:5|73:8|74:23|75:14|76:7|77:10|78:7|80:7|81:1|83:19|84:5|85:5|86:6|87:2|88:11|89:14|90:4|93:6|94:8|96:2|97:2|98:10|99:6|100:5|101:6|102:8|103:3|104:13|105:3|106:8|108:5|109:1|110:6|111:7|112:4|113:5|114:2|115:6|116:15|117:2|118:1|119:3|120:13|121:8|122:1|123:1|124:2|127:6|128:5|129:2|130:2|131:18|132:12|133:10|134:7|135:1|136:18|137:4|138:8|139:9|140:9|141:3|143:9|144:12|145:4|146:3|147:11|148:6|149:8|150:2|151:4|152:12|153:1|154:5|156:1|157:3|158:3|159:3|160:7|161:10|162:5|163:5|164:8|165:18|166:9|167:5|168:1|169:1|170:11|171:1|172:17|173:22|174:3|175:6|176:1|177:4|178:1|179:4|180:1|181:20|182:19|183:7|184:2|185:12|186:15|187:11|188:6|189:1|190:2
35,michiru-ohara,1120,896,201_206_220_219_274,1:106|2:50|3:90|4:80|7:66|8:180|14:105|16:92|17:206|18:49|19:142|21:210|24:139|27:132|33:72|34:197|40:73|41:75|45:39|60:105|68:89|72:93|73:70|78:177|82:42|83:65|85:105|88:116|91:66|92:79|94:111|95:51|97:72|100:101|104:88|136:108|139:118|142:130|144:167|145:161|149:216|167:142|173:153|180:104|184:122|186:435|190:135,1:3|2:1|3:6|4:5|5:1|6:1|7:1|8:15|9:1|10:6|11:2|12:3|13:2|14:3|15:1|16:4|17:7|19:15|20:17|21:20|22:3|23:5|24:3|25:2|26:1|27:1|28:2|29:2|30:6|32:11|33:3|34:12|35:48|36:5|37:6|38:1|39:8|40:4|41:4|42:20|43:3|44:10|46:1|47:11|48:7|49:5|50:6|51:1|53:7|54:6|55:2|57:1|58:3|59:8|60:3|61:2|62:13|63:3|64:3|65:5|66:5|68:6|69:11|71:5|72:3|73:4|74:15|75:2|76:2|77:12|78:5|79:1|80:11|81:4|82:1|83:11|84:8|85:2|86:4|87:2|88:13|89:10|90:9|92:1|93:8|94:12|96:3|97:1|98:8|99:6|100:9|101:2|102:17|103:5|104:5|105:5|106:10|107:1|108:2|109:4|110:3|111:11|112:10|113:5|114:3|115:3|116:9|117:3|118:1|119:2|120:10|121:7|122:1|123:1|124:3|126:2|127:5|128:6|129:4|130:1|131:17|132:12|133:22|134:6|135:2|136:16|137:7|138:3|139:21|140:7|141:3|142:2|143:6|144:19|145:22|146:4|147:7|148:5|149:12|151:4|152:2|153:2|154:2|156:2|157:3|158:1|159:4|160:6|161:8|162:5|163:4|164:4|165:7|166:5|167:6|169:2|170:11|171:2|172:16|173:26|174:4|175:5|176:6|177:3|179:2|180:7|181:9|182:19|183:3|184:3|185:8|186:30|187:9|188:2|189:5|190:6
40,sanae-katagiri,660,595,128_124_110_149_149,1:63|2:35|3:110|4:49|7:43|8:81|14:40|16:97|17:84|18:31|19:140|21:74|24:46|27:83|33:40|34:92|35:73|41:65|45:34|60:51|68:76|72:63|73:110|78:265|82:48|83:89|85:41|88:81|91:48|92:47|94:73|95:40|97:64|100:147|104:94|136:52|139:120|142:82|144:111|145:140|149:77|167:44|173:127|180:75|184:54|186:153|190:113,1:1|3:2|4:3|5:3|6:1|8:2|9:1|10:9|11:3|12:2|13:2|14:1|15:1|16:7|17:1|18:2|19:9|20:3|21:3|22:1|23:1|24:2|25:1|26:1|29:9|30:2|32:7|34:4|35:4|37:5|38:4|39:5|40:44|41:3|42:17|43:16|44:3|45:1|47:8|48:4|49:1|50:3|51:1|53:5|54:3|58:2|59:3|60:1|61:1|62:6|63:5|65:7|66:1|68:5|69:7|71:2|73:10|74:2|75:2|76:2|77:4|78:6|79:2|80:4|81:2|82:1|83:20|84:9|85:1|86:4|87:3|88:3|89:2|90:3|92:1|93:7|94:2|96:2|97:3|98:22|99:2|100:7|101:5|102:5|103:5|104:7|105:3|106:4|108:3|109:6|110:6|111:3|112:5|113:2|114:2|115:1|116:7|117:1|118:1|119:1|120:11|121:4|123:2|124:5|126:2|127:3|128:12|129:3|131:5|132:3|133:6|134:10|135:4|136:9|137:3|138:3|139:12|140:3|142:1|143:12|144:8|145:10|146:7|147:2|148:2|149:4|150:2|151:2|152:2|156:1|157:3|158:2|159:6|160:19|161:7|162:3|163:4|164:4|165:5|166:2|167:1|168:2|169:1|170:2|171:2|172:3|173:11|174:1|175:7|176:2|177:1|178:1|179:5|180:2|181:3|182:9|183:3|185:5|186:11|187:7|188:4|189:1|190:7
41,haruna-kamijo,679,558,228_99_127_106_119,1:172|2:42|3:80|4:50|7:159|8:80|14:52|16:95|17:204|18:29|19:88|21:83|24:56|27:78|33:45|34:74|35:75|40:65|45:27|60:51|68:69|72:41|73:95|78:109|82:30|83:88|85:52|88:90|91:37|92:38|94:75|95:43|97:52|100:95|104:91|136:54|139:94|142:74|144:107|145:86|149:112|167:59|173:73|180:78|184:64|186:199|190:129,1:5|2:1|3:3|4:2|5:3|7:5|8:3|9:1|10:6|11:2|12:26|13:2|14:4|15:2|16:7|17:5|19:10|20:3|21:3|22:1|23:1|25:1|26:2|27:1|29:3|30:2|32:3|34:2|35:7|36:5|37:6|38:4|39:12|40:3|41:65|42:15|43:11|44:9|46:2|47:7|48:3|49:1|50:4|52:1|53:10|54:1|55:3|58:3|59:8|60:2|61:1|62:7|63:1|64:2|65:4|66:4|68:3|69:1|71:3|72:1|73:11|74:12|76:4|77:6|78:3|79:1|80:1|81:3|83:15|84:3|85:1|86:2|87:2|88:8|89:4|90:4|91:1|93:5|94:2|96:3|98:7|99:1|100:4|101:6|102:8|103:6|104:4|105:2|106:4|107:2|108:3|109:7|110:3|111:2|112:2|113:3|115:3|116:13|118:1|119:1|120:11|121:11|124:1|126:3|128:10|129:3|130:2|131:7|132:4|133:5|134:7|135:2|136:8|137:2|138:2|139:15|140:5|141:2|143:8|144:7|145:4|146:6|147:14|148:4|149:4|150:2|152:13|153:3|156:1|157:3|158:3|159:4|160:5|161:2|162:2|163:1|164:1|165:2|166:4|167:4|169:1|170:1|171:1|172:6|173:9|174:2|175:16|176:2|177:4|178:1|179:3|180:2|181:3|182:6|183:4|184:1|185:9|186:9|187:8|188:2|190:10
45,ayaka-kishibe,351,294,34_68_77_106_66,1:50|2:28|3:35|4:46|7:37|8:36|14:30|16:43|17:48|18:35|19:71|21:50|24:36|27:196|33:35|34:55|35:39|40:34|41:27|60:59|68:37|72:46|73:36|78:79|82:48|83:31|85:46|88:35|91:51|92:45|94:40|95:48|97:51|100:41|104:42|136:38|139:51|142:62|144:45|145:24|149:62|167:41|173:57|180:42|184:52|186:91|190:70,1:3|2:1|3:1|4:2|5:2|6:1|8:4|10:1|11:1|12:3|15:1|16:6|19:9|20:3|21:1|22:1|27:10|28:1|29:2|30:1|32:4|34:6|35:2|37:2|39:5|40:2|41:3|42:6|43:4|44:3|45:3|46:1|47:3|50:5|53:4|55:1|56:1|58:6|59:3|60:1|62:1|63:5|64:3|65:4|66:1|68:2|69:2|71:4|73:4|74:9|76:1|77:1|78:1|79:3|81:1|83:5|84:1|86:4|87:2|88:4|89:1|90:3|92:1|93:4|94:4|95:1|96:1|98:9|100:2|101:2|102:5|103:2|104:2|105:4|106:3|107:2|108:2|109:1|110:2|111:4|112:9|113:1|115:1|116:6|119:1|120:6|122:1|124:6|126:1|127:2|128:8|131:10|132:9|133:2|134:2|135:2|136:2|137:5|138:3|139:7|140:4|141:1|143:8|144:2|145:1|147:2|149:4|150:2|151:2|152:5|153:3|154:4|157:5|159:2|160:6|161:2|162:2|163:1|164:5|165:2|166:2|167:1|168:1|169:1|170:3|171:1|172:2|173:6|174:2|175:4|176:1|177:1|180:3|181:3|182:4|183:2|184:1|185:3|186:3|187:1|188:1|189:1|190:1
60,kate,722,637,70_128_156_183_185,1:117|2:51|3:95|4:87|7:69|8:64|14:61|16:76|17:110|18:58|19:117|21:89|24:96|27:130|33:45|34:78|35:105|40:51|41:51|45:59|68:72|72:69|73:74|78:142|82:65|83:70|85:78|88:65|91:89|92:84|94:76|95:61|97:98|100:91|104:64|136:84|139:86|142:108|144:101|145:65|149:136|167:59|173:88|180:54|184:86|186:285|190:130,1:5|2:1|3:7|4:4|5:3|7:1|8:3|9:5|10:3|11:1|12:2|13:3|14:1|15:3|16:6|17:1|19:12|20:4|22:1|23:2|25:5|26:1|29:3|31:1|32:7|34:3|35:5|36:1|37:4|38:4|39:8|40:1|41:5|42:15|43:4|44:12|45:1|47:4|48:6|49:4|50:4|51:1|53:4|54:2|55:3|56:2|58:3|59:8|60:14|61:3|62:7|63:1|64:2|65:1|66:2|67:1|68:8|69:4|70:2|71:3|73:5|74:15|76:2|77:2|78:6|79:1|80:1|81:4|83:16|84:4|85:1|86:5|87:2|88:5|89:4|90:7|93:6|94:3|96:5|97:1|98:16|100:4|101:7|102:11|103:5|104:2|105:4|106:10|108:4|110:1|111:4|112:8|113:13|114:4|115:5|116:7|117:2|119:2|120:7|121:6|122:1|123:3|124:4|126:2|127:2|128:17|129:2|130:2|131:6|132:5|133:12|134:7|135:1|136:8|137:2|138:4|139:9|140:7|141:4|143:9|144:5|145:5|146:4|147:1|148:7|149:5|150:2|151:3|152:4|153:4|154:1|156:1|157:5|158:2|159:7|160:7|161:2|162:7|163:1|164:3|165:2|166:5|167:1|168:3|169:2|170:4|171:2|172:4|173:9|174:6|175:6|176:1|177:5|179:5|180:2|181:2|182:8|183:3|184:1|185:3|186:15|187:2|188:4|189:1|190:9
68,kotoka-saionji,1228,1033,247_263_201_275_242,1:62|2:33|3:334|4:113|7:52|8:254|14:49|16:247|17:117|18:35|19:256|21:228|24:103|27:131|33:31|34:118|35:89|40:76|41:69|45:37|60:72|72:122|73:208|78:284|82:34|83:161|85:71|88:198|91:51|92:211|94:154|95:67|97:71|100:249|104:198|136:95|139:262|142:80|144:127|145:129|149:116|167:64|173:139|180:81|184:74|186:279|190:88,1:1|3:59|4:7|5:4|6:1|7:1|8:25|9:6|10:3|11:5|12:2|13:2|15:5|16:24|17:3|18:3|19:31|20:9|21:6|22:1|23:2|24:1|25:1|26:1|27:2|29:4|30:1|32:16|34:3|35:6|36:3|37:23|38:6|39:19|40:2|41:2|42:20|43:2|44:20|46:3|47:4|48:8|49:1|50:5|52:1|53:20|55:1|56:3|58:5|59:16|61:1|62:7|63:3|64:13|65:23|66:4|68:80|69:3|70:1|71:1|72:2|73:23|74:16|75:5|76:1|77:7|78:13|80:7|81:10|83:39|84:22|85:1|86:16|87:2|88:13|89:8|90:14|91:3|92:4|93:6|94:6|96:1|97:1|98:19|99:2|100:23|101:7|102:38|103:3|104:9|105:2|106:20|107:3|108:5|109:10|110:6|111:9|112:9|113:1|114:7|115:4|116:10|117:1|118:2|119:2|120:15|121:13|123:2|124:2|127:3|128:15|129:4|130:2|131:28|132:28|133:8|134:8|135:8|136:14|137:11|139:30|140:6|141:2|142:1|143:30|144:7|145:8|146:6|147:13|148:10|149:7|150:2|151:2|152:3|153:2|154:3|157:4|158:7|159:22|160:18|161:9|162:6|163:2|164:2|165:5|166:7|167:2|169:1|170:6|171:2|172:6|173:12|174:1|175:13|176:4|177:4|179:2|180:4|181:4|182:11|183:4|184:2|185:25|186:8|187:4|188:7|189:2|190:1
72,satomi-sakakibara,655,560,92_109_142_132_180,1:62|2:32|3:86|4:136|7:75|8:79|14:57|16:105|17:97|18:34|19:94|21:162|24:87|27:99|33:39|34:170|35:93|40:63|41:41|45:46|60:69|68:122|73:86|78:125|82:46|83:56|85:66|88:89|91:68|92:93|94:76|95:65|97:71|100:113|104:80|136:90|139:106|142:66|144:83|145:63|149:91|167:77|173:79|180:57|184:61|186:176|190:97,1:1|2:1|3:6|4:8|5:3|6:1|7:1|8:3|9:1|10:7|11:2|12:1|14:2|15:2|16:11|17:1|19:4|20:1|21:5|22:1|23:1|24:1|25:2|26:1|27:1|29:7|30:1|32:7|34:11|35:2|37:9|38:2|39:8|40:3|41:6|42:4|43:2|44:4|45:1|47:9|48:5|50:2|53:2|54:2|55:3|56:2|57:1|58:3|59:8|60:1|61:4|62:5|63:6|64:3|65:4|66:4|68:8|69:6|71:3|72:18|73:10|74:15|75:4|76:2|77:6|80:4|81:5|83:10|84:8|86:5|87:1|88:12|89:6|90:4|92:2|93:4|94:5|96:2|98:8|99:2|100:10|101:5|102:11|103:1|104:5|105:2|106:16|107:2|108:4|109:1|110:14|111:3|112:6|113:3|114:5|115:3|116:5|118:1|119:2|120:7|121:9|122:2|123:2|124:2|127:1|128:4|129:3|131:10|132:8|133:6|134:2|135:4|136:6|137:7|138:1|139:16|140:8|141:1|143:12|144:6|145:2|146:5|147:4|148:3|149:5|150:1|151:4|152:3|153:3|154:2|156:2|157:2|158:1|159:6|160:11|161:13|163:3|164:3|165:8|166:2|167:1|168:1|169:2|170:3|172:6|173:7|174:3|175:3|176:1|177:1|179:1|180:1|181:3|182:7|183:2|185:8|186:5|187:4|188:2|190:3
73,fumika-sagisawa,1937,1503,498_489_359_325_266,1:81|2:29|3:351|4:89|7:66|8:185|14:61|16:367|17:134|18:33|19:476|21:244|24:116|27:110|33:24|34:93|35:70|40:110|41:95|45:36|60:74|68:208|72:86|78:411|82:36|83:381|85:65|88:265|91:52|92:103|94:139|95:146|97:74|100:511|104:530|136:106|139:542|142:79|144:184|145:163|149:133|167:65|173:128|180:162|184:71|186:327|190:138,3:27|4:2|5:6|8:6|9:13|10:8|11:7|12:2|13:1|14:1|15:8|16:23|17:1|18:1|19:34|20:2|21:11|22:1|23:1|24:4|25:4|27:1|28:3|29:3|30:8|32:23|34:12|35:3|36:6|37:13|38:6|39:30|40:5|41:8|42:25|43:3|44:26|46:1|47:14|48:5|49:3|50:3|52:1|53:9|56:4|57:1|58:14|59:30|61:1|62:9|63:2|64:17|65:22|66:7|68:12|69:6|71:1|72:2|73:187|74:24|75:12|76:4|77:23|78:6|79:1|80:5|81:16|83:59|84:39|85:3|86:10|87:3|88:22|89:3|90:24|91:2|92:3|93:8|94:5|95:6|96:1|98:57|100:41|101:6|102:38|103:5|104:62|106:13|107:1|108:10|109:8|110:6|111:3|112:7|113:2|114:4|115:6|116:13|117:1|118:2|119:2|120:62|121:17|122:1|123:3|124:2|126:2|127:3|128:43|129:4|131:38|132:32|133:15|134:7|135:4|136:22|137:11|139:74|140:4|141:12|143:47|144:6|145:8|146:5|147:10|148:14|149:10|151:2|152:4|153:1|154:6|156:1|157:6|158:4|159:13|160:38|161:7|162:6|163:3|164:1|165:5|166:3|167:1|168:1|169:3|170:11|171:5|172:10|173:10|175:11|176:3|177:3|178:1|179:2|180:1|181:11|182:11|183:5|184:2|185:27|186:14|187:13|188:5|190:5
78,shin-sato,2656,2248,602_566_531_492_465,1:117|2:53|3:373|4:80|7:77|8:414|14:68|16:416|17:248|18:52|19:752|21:270|24:164|27:278|33:56|34:182|35:177|40:265|41:109|45:79|60:142|68:284|72:125|73:411|82:57|83:327|85:119|88:347|91:83|92:116|94:340|95:78|97:131|100:456|104:388|136:142|139:452|142:191|144:401|145:279|149:393|167:118|173:482|180:205|184:139|186:681|190:233,1:1|2:1|3:16|4:3|5:8|6:1|7:1|8:34|9:8|10:34|11:2|12:6|13:1|14:1|15:10|16:24|17:3|18:4|19:77|20:16|21:11|22:3|23:2|24:7|25:3|26:1|27:8|28:1|29:9|30:7|32:34|33:1|34:9|35:11|36:3|37:22|38:10|39:25|40:15|41:9|42:50|43:13|44:29|45:1|46:2|47:26|48:8|49:2|50:16|51:1|52:2|53:25|54:4|55:3|56:6|57:1|58:6|59:28|60:1|61:1|62:23|63:4|64:13|65:20|66:9|68:18|69:14|70:2|71:9|72:3|73:42|74:48|75:16|76:7|77:15|78:80|79:1|80:8|81:17|83:50|84:22|85:6|86:24|87:7|88:27|89:20|90:27|91:2|92:2|93:18|94:16|96:4|97:4|98:76|99:5|100:14|101:13|102:32|103:14|104:20|105:1|106:30|107:1|108:8|109:13|110:7|111:10|112:13|113:4|114:4|115:6|116:19|117:1|118:1|119:1|120:35|121:31|122:4|123:8|124:5|126:2|127:14|128:39|129:5|130:1|131:60|132:39|133:23|134:15|135:11|136:24|137:8|138:11|139:45|140:14|141:4|142:2|143:66|144:24|145:12|146:16|147:19|148:8|149:25|150:5|151:2|152:2|153:4|154:7|155:1|156:3|157:10|158:4|159:19|160:40|161:12|162:22|163:4|164:7|165:12|166:6|167:2|169:2|170:13|171:2|172:44|173:49|174:4|175:16|176:8|177:6|178:2|179:8|180:8|181:18|182:45|183:7|184:4|185:33|186:38|187:21|188:8|189:4|190:11
82,rei-shinohara,319,273,34_49_74_89_73,1:90|2:36|3:32|4:42|7:36|8:30|14:30|16:27|17:46|18:55|19:45|21:44|24:32|27:75|33:35|34:62|35:42|40:48|41:30|45:48|60:65|68:34|72:46|73:36|78:57|83:33|85:38|88:31|91:56|92:31|94:34|95:40|97:52|100:35|104:32|136:35|139:35|142:85|144:42|145:26|149:61|167:25|173:49|180:30|184:56|186:90|190:137,1:3|2:1|3:4|4:6|5:1|7:1|9:2|10:2|12:1|14:1|15:1|16:2|17:1|18:1|19:5|20:3|21:1|22:1|25:1|28:1|29:2|30:1|32:3|33:1|34:5|35:4|36:1|37:1|38:2|39:4|40:5|41:1|42:7|43:8|45:1|46:1|47:2|49:4|50:6|53:1|55:1|56:1|58:1|59:2|60:3|61:2|62:2|63:1|64:1|65:1|66:3|67:1|68:1|69:7|71:1|72:1|73:4|74:9|77:2|78:1|79:1|81:1|82:3|83:4|84:2|86:2|88:2|89:5|90:1|91:1|93:1|94:3|95:2|98:10|99:5|100:1|101:2|103:1|105:2|106:1|108:5|110:1|111:3|112:3|113:1|116:2|117:1|118:1|119:2|120:2|121:3|123:1|124:7|127:1|128:9|130:2|131:1|132:1|133:4|134:3|135:3|136:2|137:2|138:1|139:1|140:3|141:2|142:3|143:1|144:6|146:1|147:1|149:3|150:2|151:2|152:5|153:2|156:1|157:3|158:2|160:8|161:2|162:3|163:1|164:4|165:2|166:1|167:1|170:1|172:2|173:4|174:3|175:1|176:1|177:3|179:5|180:1|181:2|182:2|183:1|184:3|185:2|186:2|187:3|190:16
83,rin-shibuya,1438,1174,441_317_236_234_210,1:74|2:30|3:291|4:59|7:40|8:147|14:41|16:361|17:105|18:33|19:386|21:152|24:69|27:115|33:26|34:67|35:65|40:89|41:88|45:31|60:70|68:161|72:56|73:381|78:327|82:33|85:58|88:177|91:52|92:94|94:147|95:50|97:76|100:298|104:298|136:77|139:338|142:92|144:197|145:161|149:139|167:70|173:140|180:144|184:80|186:270|190:136,3:20|4:2|5:4|8:5|9:12|10:4|11:7|12:3|13:1|15:3|16:27|17:1|19:21|20:4|21:9|22:1|23:1|24:2|25:1|27:1|30:4|32:21|34:3|35:6|36:8|37:9|38:3|39:12|40:4|41:4|42:42|43:5|44:33|46:2|47:9|48:4|50:14|52:1|53:11|54:1|56:1|58:6|59:13|60:2|62:6|63:1|64:7|65:16|66:2|68:7|69:6|70:1|71:1|72:3|73:29|74:23|75:6|76:3|77:14|78:3|80:4|81:11|83:133|84:40|85:5|86:21|87:6|88:5|89:6|90:24|92:1|93:16|94:5|95:1|98:43|100:7|101:5|102:20|103:7|104:15|105:2|106:16|107:2|108:5|109:5|110:4|112:7|113:6|114:5|115:4|116:9|118:1|119:2|120:28|121:19|122:1|123:1|124:3|126:4|127:3|128:31|129:2|131:22|132:23|133:12|134:13|135:10|136:19|137:5|138:2|139:25|140:2|143:73|144:9|145:5|146:28|147:16|148:14|149:7|150:2|152:4|153:2|154:5|155:1|157:4|159:12|160:19|161:3|162:7|163:2|164:2|165:2|166:1|167:5|169:1|170:3|171:1|172:24|173:4|175:7|176:1|177:2|179:5|180:10|181:4|182:15|183:3|185:10|186:10|187:9|188:3|189:1|190:10
85,aoi-shuto,727,622,116_104_133_166_208,1:72|2:45|3:94|4:72|7:61|8:133|14:85|16:90|17:160|18:34|19:102|21:143|24:145|27:134|33:45|34:110|35:105|40:41|41:52|45:46|60:78|68:71|72:66|73:65|78:119|82:38|83:58|88:122|91:76|92:77|94:115|95:73|97:70|100:93|104:98|136:104|139:124|142:81|144:91|145:83|149:199|167:84|173:72|180:81|184:78|186:250|190:91,1:2|2:2|3:9|4:5|5:3|7:1|8:21|9:3|10:2|11:5|12:1|13:4|14:2|15:4|16:15|17:7|18:1|19:2|20:7|21:9|22:1|23:1|24:7|26:1|27:2|28:2|29:1|30:1|32:7|34:7|35:4|36:6|37:10|39:10|40:1|41:5|42:10|43:1|44:2|47:13|48:6|49:1|52:1|53:3|54:2|55:4|56:2|58:2|59:3|60:1|61:4|62:7|63:2|64:8|65:8|66:2|68:5|69:2|70:1|71:4|72:1|73:5|74:12|75:5|76:2|77:8|78:2|80:4|81:3|83:10|84:2|85:18|86:2|88:11|89:9|90:5|91:1|93:6|94:12|95:2|96:2|97:2|98:3|100:9|102:19|103:2|104:15|105:2|106:8|108:3|109:6|110:3|111:6|112:11|113:5|114:5|115:8|116:8|119:1|120:9|121:6|122:10|123:2|124:6|126:5|127:7|128:2|129:2|131:11|132:11|133:9|134:6|135:1|136:8|137:5|138:2|139:19|140:6|141:1|143:8|144:9|145:7|146:5|147:10|148:5|149:13|150:1|151:1|152:2|153:1|154:7|158:3|159:4|160:4|161:6|162:1|163:5|164:5|165:10|166:9|167:2|168:1|169:1|170:9|171:5|172:11|173:4|174:3|175:1|176:2|177:2|178:2|179:3|180:4|181:8|182:5|183:4|184:1|185:15|186:9|187:7|188:5|189:12|190:1
88,hotaru-shiragiku,1882,1473,295_440_470_344_333,1:79|2:36|3:244|4:94|7:76|8:201|14:74|16:272|17:178|18:30|19:247|21:262|24:175|27:123|33:29|34:128|35:116|40:81|41:90|45:35|60:65|68:198|72:89|73:265|78:347|82:31|83:177|85:122|91:70|92:115|94:484|95:76|97:86|100:548|104:323|136:136|139:380|142:103|144:234|145:196|149:473|167:89|173:182|180:146|184:94|186:443|190:143,1:1|2:1|3:34|4:3|5:17|6:1|7:2|8:14|9:6|10:10|11:4|12:9|14:2|15:7|16:32|17:6|18:4|19:13|20:8|21:12|22:3|23:3|24:10|25:2|26:1|27:1|28:1|29:1|30:5|31:1|32:18|34:7|35:5|36:20|37:28|38:2|39:33|40:6|41:4|42:34|43:6|44:31|47:30|48:14|49:1|50:10|52:2|53:18|54:2|55:5|56:10|57:3|58:6|59:35|60:1|61:5|62:16|63:5|64:12|65:39|66:7|68:12|69:6|70:1|71:4|72:6|73:27|74:38|75:19|76:13|77:27|78:11|79:2|80:7|81:10|83:45|84:23|85:2|86:10|87:1|88:133|89:18|90:25|91:2|92:1|93:7|94:53|95:2|96:2|97:4|98:27|99:2|100:66|101:11|102:40|103:10|104:36|105:3|106:29|107:2|108:12|109:14|110:10|111:10|112:15|113:3|114:7|115:14|116:19|118:1|119:2|120:33|121:19|122:3|123:3|124:6|127:9|128:24|129:6|130:1|131:47|132:44|133:12|134:6|135:4|136:15|137:20|138:2|139:46|140:3|141:3|143:46|144:15|145:8|146:15|147:19|148:13|149:28|150:2|151:3|152:6|153:2|154:7|155:1|156:1|157:5|158:3|159:14|160:24|161:12|162:10|163:5|165:10|166:11|167:5|168:2|169:2|170:9|171:4|172:47|173:17|174:2|175:10|176:7|177:3|179:3|180:9|181:13|182:17|183:8|184:1|185:27|186:19|187:17|188:7|189:5|190:8
91,umi-sugisaka,448,383,47_80_68_117_136,1:67|2:55|3:62|4:66|7:47|8:54|14:39|16:61|17:72|18:54|19:75|21:82|24:68|27:85|33:36|34:53|35:66|40:48|41:37|45:51|60:89|68:51|72:68|73:52|78:83|82:56|83:52|85:76|88:70|92:61|94:61|95:58|97:85|100:61|104:46|136:62|139:62|142:64|144:67|145:57|149:104|167:49|173:64|180:53|184:82|186:126|190:93,1:2|2:1|3:5|4:5|5:1|7:2|9:2|10:2|11:1|12:1|13:1|14:3|15:1|16:5|18:2|19:5|20:1|21:6|24:2|25:3|27:2|29:2|30:2|32:6|34:2|35:3|36:2|37:3|38:1|39:5|40:5|41:2|42:7|43:1|44:1|45:1|46:2|47:4|48:2|49:1|50:5|52:1|53:3|54:1|55:2|56:2|59:3|60:4|61:1|64:2|65:2|66:7|68:2|69:3|71:1|72:1|73:3|74:8|75:3|76:2|77:1|78:3|81:5|83:10|84:3|85:2|86:5|87:2|88:13|89:2|90:3|91:7|92:1|93:4|94:9|95:3|96:1|97:2|98:5|100:5|101:3|102:6|103:4|104:3|105:3|106:1|108:5|109:1|110:1|112:7|113:8|114:1|115:1|116:2|119:2|120:5|121:5|122:2|123:1|124:1|126:1|127:3|128:7|129:1|131:5|132:6|133:3|134:5|136:6|137:10|138:3|139:11|140:3|141:2|142:2|143:8|144:3|145:4|146:4|147:2|148:2|149:3|150:1|151:1|152:2|153:2|154:2|156:1|157:3|158:1|159:1|160:3|161:4|162:2|163:1|164:9|165:2|166:1|170:1|172:3|173:9|174:1|175:7|176:1|177:1|179:5|180:3|181:2|182:4|183:3|184:2|185:6|186:8|187:5|188:4|189:1|190:2
92,seika-suzumiya,800,685,82_128_183_172_235,1:86|2:49|3:157|4:118|7:49|8:88|14:59|16:144|17:112|18:33|19:117|21:186|24:93|27:130|33:33|34:82|35:79|40:47|41:38|45:45|60:84|68:211|72:93|73:103|78:116|82:31|83:94|85:77|88:115|91:61|94:86|95:99|97:108|100:146|104:118|136:76|139:183|142:88|144:76|145:72|149:136|167:80|173:59|180:52|184:76|186:244|190:92,1:1|2:1|3:16|4:7|5:2|7:1|8:9|9:7|10:4|11:4|12:1|15:3|16:19|17:1|18:1|19:12|20:1|21:5|22:1|23:2|24:3|26:1|27:4|29:3|30:3|32:4|34:2|35:5|36:5|37:10|38:2|39:16|40:1|41:4|42:9|43:1|44:9|47:8|48:2|50:8|52:1|53:5|55:3|56:1|57:5|58:7|59:14|60:1|61:1|62:1|63:4|64:16|65:16|66:3|68:33|69:1|70:1|71:8|72:2|73:10|74:10|75:8|76:4|77:10|78:5|80:3|81:4|83:15|84:19|85:4|86:3|87:1|88:10|89:1|90:14|92:12|93:4|94:4|95:1|96:1|97:1|98:21|100:13|101:7|102:18|103:10|104:11|105:4|106:10|107:1|108:4|109:3|110:4|111:2|112:14|113:7|114:7|115:3|116:9|117:1|118:4|119:2|120:14|121:6|123:2|124:1|126:1|127:4|128:8|129:8|130:1|131:17|132:13|133:6|134:3|136:7|137:4|138:2|139:23|140:3|141:1|143:17|144:5|145:1|146:6|147:10|148:7|149:7|150:2|151:1|153:2|154:3|156:1|157:5|158:6|159:32|160:10|161:10|162:3|163:1|164:3|165:3|166:3|167:4|168:1|169:1|170:4|171:3|172:8|173:4|174:3|175:6|176:3|177:2|179:6|180:3|181:5|182:4|183:2|185:14|186:21|187:6|188:3|189:1|190:2
94,hiromi-seki,1461,1163,266_256_326_345_268,1:80|2:37|3:160|4:78|7:67|8:188|14:59|16:189|17:156|18:30|19:201|21:188|24:120|27:127|33:46|34:143|35:111|40:73|41:75|45:40|60:76|68:154|72:76|73:139|78:340|82:34|83:147|85:115|88:484|91:61|92:86|95:52|97:77|100:254|104:235|136:110|139:257|142:83|144:218|145:134|149:427|167:71|173:175|180:112|184:89|186:400|190:108,1:1|2:1|3:14|4:3|5:13|6:2|7:2|8:11|9:3|10:10|11:5|12:5|14:1|15:3|16:14|17:5|18:3|19:11|20:10|21:6|22:1|23:5|24:6|25:3|26:1|27:2|28:2|29:3|31:1|32:17|34:6|35:5|36:20|37:18|38:2|39:25|40:6|41:5|42:38|43:2|44:11|45:1|47:18|48:11|49:2|50:8|52:1|53:4|54:4|55:7|56:3|57:3|58:3|59:13|60:2|61:3|62:13|63:5|64:7|65:19|66:5|68:7|69:2|70:1|71:4|73:11|74:26|75:12|76:7|77:20|78:11|79:2|80:8|81:6|83:26|84:10|86:11|87:5|88:65|89:17|90:12|91:1|92:1|93:14|94:82|95:1|96:3|97:2|98:19|99:2|100:19|101:9|102:20|103:11|104:23|105:1|106:26|108:4|109:7|110:5|111:8|112:14|113:5|114:3|115:7|116:9|119:1|120:13|121:10|122:2|123:4|124:3|127:13|128:14|129:2|130:1|131:41|132:34|133:12|134:5|135:1|136:12|137:9|138:2|139:35|140:8|141:1|143:25|144:20|145:3|146:15|147:14|148:9|149:29|150:2|151:1|152:5|153:1|154:2|155:1|156:3|157:5|158:5|159:10|160:7|161:10|162:12|163:5|164:4|165:13|166:12|167:2|168:1|169:2|170:10|171:4|172:44|173:10|174:1|175:5|176:3|177:1|179:6|180:2|181:10|182:19|183:4|184:1|185:14|186:17|187:13|188:2|189:2|190:4
95,shiori-sena,458,392,50_72_88_123_125,1:52|2:33|3:78|4:62|7:46|8:71|14:40|16:62|17:69|18:47|19:81|21:103|24:74|27:105|33:30|34:68|35:51|40:40|41:43|45:48|60:61|68:67|72:65|73:146|78:78|82:40|83:50|85:73|88:76|91:58|92:99|94:52|97:72|100:96|104:91|136:58|139:132|142:52|144:52|145:52|149:79|167:56|173:46|180:44|184:58|186:120|190:83,1:1|2:1|3:6|4:4|5:4|8:7|9:4|10:1|11:5|12:1|13:3|15:6|16:5|17:1|19:5|20:2|21:6|22:1|25:1|27:3|28:2|29:1|30:2|32:6|34:2|35:3|36:3|37:2|38:2|39:7|40:4|41:4|42:7|43:2|44:5|47:2|50:5|53:3|54:1|55:2|56:2|58:4|59:6|60:1|61:2|62:1|63:1|64:6|65:7|66:2|68:4|69:1|71:3|72:2|73:49|74:8|75:5|76:2|77:5|78:2|79:1|80:1|81:2|83:10|84:3|85:4|86:2|87:1|88:6|89:3|90:3|91:2|92:2|93:2|94:3|95:9|96:2|97:1|98:12|100:9|101:9|102:9|103:1|104:8|105:2|106:1|107:1|108:2|109:2|111:5|112:7|113:2|114:3|115:5|116:6|118:1|119:2|120:10|121:6|123:1|124:2|127:1|128:9|129:5|130:1|131:9|132:10|134:5|135:1|136:10|137:2|138:2|139:18|140:2|141:3|143:5|144:3|145:3|146:3|148:3|149:6|150:1|151:2|152:6|153:3|154:1|157:2|158:2|159:4|160:13|161:2|162:2|163:1|164:1|165:5|166:2|167:3|169:2|170:5|171:2|172:3|173:3|174:1|175:1|176:2|177:1|180:1|181:3|182:3|183:2|185:12|186:5|187:3|188:3|190:1
97,natsumi-soma,653,560,79_103_143_141_187,1:112|2:61|3:109|4:77|7:59|8:50|14:46|16:85|17:80|18:69|19:104|21:120|24:86|27:144|33:38|34:71|35:72|40:64|41:52|45:51|60:98|68:71|72:71|73:74|78:131|82:52|83:76|85:70|88:86|91:85|92:108|94:77|95:72|100:97|104:60|136:70|139:120|142:87|144:66|145:75|149:121|167:56|173:59|180:57|184:87|186:162|190:132,1:2|2:1|3:11|4:2|5:2|7:1|8:2|9:1|10:4|11:2|12:2|13:2|14:3|16:11|18:1|19:17|20:1|21:1|22:1|23:3|24:3|26:1|29:2|32:12|33:1|34:1|35:4|36:2|37:6|38:3|39:6|40:2|41:4|42:9|43:8|44:4|45:1|47:9|48:2|50:3|51:1|53:11|54:1|55:1|56:3|57:1|58:3|59:12|60:3|61:1|62:7|63:2|64:12|65:7|66:1|69:3|71:2|72:1|73:9|74:9|75:4|76:4|77:5|78:4|79:1|80:5|81:10|83:12|84:8|85:1|86:6|87:4|88:8|89:2|90:6|92:2|93:6|94:4|95:2|96:1|97:8|98:14|100:12|101:8|102:11|103:4|104:5|105:2|106:2|108:3|109:5|110:3|111:4|112:7|113:6|114:9|115:3|116:5|117:1|118:2|119:2|120:9|121:6|122:1|124:1|126:1|127:6|128:8|129:4|130:1|131:10|132:11|133:5|134:5|135:2|136:7|137:2|138:3|139:20|140:3|141:1|142:1|143:27|144:1|145:4|146:6|147:4|148:6|149:6|150:1|151:2|152:1|153:3|154:3|155:1|156:2|157:6|158:2|159:5|160:11|161:4|162:5|163:2|164:5|165:5|166:5|167:1|170:1|172:2|173:5|174:2|175:6|176:4|177:3|179:3|180:2|181:2|182:5|183:1|184:1|185:12|186:11|187:6|188:6|190:6
100,kako-takafuji,2153,1702,358_448_520_449_378,1:76|2:42|3:434|4:111|7:62|8:234|14:60|16:426|17:130|18:38|19:371|21:280|24:148|27:148|33:33|34:90|35:101|40:147|41:95|45:41|60:91|68:249|72:113|73:511|78:456|82:35|83:298|85:93|88:548|91:61|92:146|94:254|95:96|97:97|104:353|136:115|139:630|142:114|144:211|145:225|149:211|167:90|173:155|180:143|184:89|186:387|190:134,1:1|2:3|3:42|4:3|5:4|7:1|8:12|9:12|10:9|11:10|12:7|13:3|14:2|15:10|16:40|18:2|19:28|20:3|21:8|22:1|23:1|24:6|25:3|26:2|27:1|29:4|30:10|32:29|34:5|35:1|36:3|37:29|38:8|39:35|40:5|41:4|42:35|43:4|44:26|46:1|47:31|48:16|50:11|52:1|53:17|54:2|55:3|56:3|57:2|58:13|59:33|60:1|61:4|62:13|63:3|64:18|65:36|66:8|68:13|69:4|71:2|72:3|73:78|74:33|75:16|76:8|77:26|78:10|79:2|80:11|81:23|83:55|84:23|85:2|86:17|87:4|88:57|89:12|90:29|91:1|92:2|93:10|94:11|95:1|96:1|97:2|98:62|99:2|100:131|101:11|102:49|103:14|104:27|105:2|106:28|107:5|108:13|109:16|110:19|111:6|112:16|113:4|114:4|115:5|116:30|118:2|119:1|120:39|121:17|122:2|124:1|126:4|127:10|128:39|129:8|131:51|132:47|133:10|134:17|135:8|136:18|137:13|138:1|139:71|140:5|141:3|143:70|144:12|145:8|146:9|147:22|148:14|149:13|150:4|152:3|153:4|154:6|155:1|156:1|157:7|158:5|159:23|160:39|161:19|162:9|163:5|164:2|165:6|166:9|167:3|168:1|169:3|170:10|171:9|172:22|173:9|174:1|175:9|176:2|177:6|179:8|180:6|181:11|182:18|183:3|185:45|186:11|187:13|188:7|189:6|190:5
104,arisu-tachibana,1874,1606,432_442_396_325_279,1:71|2:33|3:310|4:75|7:63|8:281|14:63|16:346|17:159|18:29|19:405|21:268|24:130|27:136|33:29|34:171|35:88|40:94|41:91|45:42|60:64|68:198|72:80|73:530|78:388|82:32|83:298|85:98|88:323|91:46|92:118|94:235|95:91|97:60|100:353|136:306|139:392|142:100|144:252|145:188|149:172|167:109|173:179|180:351|184:86|186:432|190:114,1:1|2:1|3:22|4:2|5:25|8:11|9:6|10:11|11:3|12:1|13:1|14:1|15:4|16:25|17:3|18:1|19:19|20:14|21:11|23:1|24:4|27:3|28:3|29:3|30:6|32:24|34:9|35:2|36:3|37:33|38:2|39:24|40:4|41:5|42:29|43:1|44:31|46:2|47:12|48:8|49:3|50:9|52:2|53:7|54:6|55:2|56:1|57:2|58:4|59:15|61:9|62:20|63:2|64:9|65:22|66:4|68:6|69:4|70:1|71:3|73:84|74:45|75:47|76:21|77:50|78:10|79:1|80:6|81:3|83:58|84:26|85:5|86:10|87:4|88:23|89:13|90:14|92:2|93:9|94:12|95:4|96:2|98:20|99:1|100:20|101:11|102:35|103:9|104:157|106:25|108:9|109:5|110:4|111:3|112:8|113:5|114:4|115:11|116:13|118:2|119:1|120:28|121:20|123:4|124:2|126:2|127:9|128:23|129:3|130:1|131:53|132:45|133:9|134:10|135:8|136:18|137:6|138:2|139:35|140:15|141:3|143:29|144:14|145:5|146:7|147:25|148:12|149:5|152:4|153:2|154:15|155:2|156:2|157:4|158:3|159:10|160:23|161:11|162:7|163:9|164:2|165:7|166:11|167:5|168:2|169:2|170:12|171:3|172:16|173:2|174:2|175:5|176:1|178:2|179:3|180:11|181:38|182:11|183:11|185:33|186:14|187:25|188:4|189:6|190:1
136,mai-fukuyama,1021,886,161_199_226_233_202,1:86|2:50|3:114|4:75|7:78|8:160|14:66|16:136|17:155|18:32|19:118|21:227|24:137|27:116|33:55|34:197|35:108|40:52|41:54|45:38|60:84|68:95|72:90|73:106|78:142|82:35|83:77|85:104|88:136|91:62|92:76|94:110|95:58|97:70|100:115|104:306|139:106|142:101|144:99|145:75|149:177|167:106|173:132|180:241|184:99|186:338|190:108,1:1|2:1|3:3|4:2|5:21|7:2|8:8|9:1|10:6|11:4|12:4|15:4|16:13|17:2|19:8|20:20|21:7|23:1|24:1|25:1|26:1|28:2|29:1|30:3|31:1|32:7|34:9|35:6|36:6|37:9|38:6|39:13|40:3|41:5|42:14|44:6|46:3|47:9|48:7|49:1|50:4|53:4|54:3|56:5|58:3|59:4|60:1|61:10|62:3|63:8|64:3|65:4|66:2|68:4|69:2|71:2|72:3|73:6|74:9|75:27|76:20|77:27|78:5|80:2|81:2|83:23|84:12|85:3|86:4|87:2|88:13|89:10|90:6|93:4|94:6|96:3|97:2|98:6|99:1|100:5|101:10|102:9|103:2|104:46|105:1|106:6|108:6|109:3|110:4|111:4|112:6|113:2|114:1|115:10|116:9|119:1|120:10|121:5|122:2|123:2|124:4|126:1|127:3|128:6|131:11|132:8|133:6|134:6|135:4|136:22|137:2|138:4|139:13|140:9|141:1|143:9|144:7|145:4|146:6|147:10|148:4|149:5|150:2|151:1|152:2|153:6|154:11|155:1|157:2|159:6|160:3|161:4|162:2|163:4|164:3|165:6|166:1|167:1|168:1|169:3|170:11|171:1|172:8|173:13|174:3|175:3|176:3|178:1|179:2|180:18|181:31|182:7|183:8|184:1|185:15|186:9|187:24|188:3|189:1|190:4
139,hajime-fujiwara,2708,1850,727_587_536_404_454,1:85|2:43|3:502|4:112|7:69|8:240|14:73|16:509|17:146|18:42|19:404|21:543|24:173|27:190|33:36|34:90|35:118|40:120|41:94|45:51|60:86|68:262|72:106|73:542|78:452|82:35|83:338|85:124|88:380|91:62|92:183|94:257|95:132|97:120|100:630|104:392|136:106|142:132|144:258|145:253|149:214|167:112|173:155|180:145|184:109|186:436|190:170,1:1|3:42|4:3|5:9|8:15|9:13|10:11|11:15|12:7|13:2|14:2|15:7|16:44|17:1|19:42|20:6|21:35|23:5|24:6|25:2|26:3|27:4|28:1|29:4|30:7|32:27|34:5|35:3|36:8|37:35|38:9|39:44|40:3|41:6|42:47|43:8|44:32|46:2|47:34|48:14|50:12|52:2|53:29|54:3|55:4|56:5|57:3|58:13|59:40|60:1|61:3|62:18|63:5|64:26|65:60|66:11|68:12|69:4|70:3|71:3|73:96|74:30|75:12|76:9|77:25|78:19|79:1|80:11|81:20|83:60|84:27|85:7|86:19|87:2|88:28|89:13|90:29|91:2|92:3|93:14|94:7|95:1|96:3|97:2|98:71|99:1|100:47|101:15|102:105|103:16|104:37|105:2|106:32|107:3|108:10|109:17|110:10|111:6|112:21|113:4|114:15|115:9|116:22|118:5|119:2|120:62|121:32|122:3|123:1|124:3|126:4|127:9|128:46|129:9|131:58|132:56|133:21|134:14|135:10|136:20|137:10|138:2|139:212|140:10|141:3|143:84|144:18|145:16|146:11|147:11|148:27|149:16|150:4|152:3|153:5|154:7|155:1|156:2|157:9|158:9|159:29|160:52|161:13|162:11|163:9|164:4|165:6|166:12|167:8|168:1|169:3|170:11|171:13|172:27|173:12|174:1|175:12|176:7|177:3|178:1|179:9|180:5|181:11|182:26|183:4|184:2|185:56|186:15|187:10|188:12|189:10|190:7
142,helen,1068,901,163_167_202_207_329,1:144|2:48|3:105|4:73|7:60|8:93|14:58|16:111|17:204|18:57|19:183|21:141|24:87|27:128|33:76|34:130|35:130|40:82|41:74|45:62|60:108|68:80|72:66|73:79|78:191|82:85|83:92|85:81|88:103|91:64|92:88|94:83|95:52|97:87|100:114|104:100|136:101|139:132|144:171|145:83|149:172|167:94|173:130|180:85|184:116|186:428|190:198,1:3|2:1|3:7|4:5|5:6|6:2|7:1|8:3|9:3|10:9|11:3|12:3|13:1|14:1|15:1|16:9|17:4|18:3|19:13|20:10|21:3|22:1|23:7|24:3|25:1|26:1|27:1|29:2|30:1|32:8|33:2|34:7|35:10|36:3|37:2|38:3|39:11|40:7|41:6|42:22|43:4|44:14|45:1|46:3|47:10|48:6|49:8|50:10|51:1|53:6|54:3|55:5|56:6|58:3|59:13|61:3|62:16|63:3|64:3|65:6|66:4|68:3|69:14|70:2|71:6|73:8|74:22|75:5|76:2|77:6|78:7|80:3|81:6|82:1|83:23|84:9|85:2|86:12|87:3|88:8|89:7|90:10|92:1|93:5|94:5|96:3|97:2|98:19|99:3|100:11|101:7|102:7|103:6|104:8|105:4|106:10|107:1|108:5|109:3|110:7|111:2|112:4|113:10|114:4|115:5|116:13|117:5|118:2|119:2|120:10|121:16|122:1|123:4|124:3|127:8|128:19|129:2|130:1|131:18|132:16|133:10|134:12|135:1|136:11|137:2|138:6|139:20|140:10|141:2|142:4|143:17|144:23|145:4|146:11|147:10|148:8|149:9|150:4|151:4|152:4|154:1|157:2|158:2|159:3|160:6|161:7|162:9|163:5|164:7|165:10|166:7|167:2|168:3|170:5|172:11|173:19|174:1|175:10|176:1|177:2|179:8|180:4|181:7|182:18|183:6|184:2|185:8|186:22|187:7|188:3|189:2|190:8
144,syoko-hoshi,1593,1365,415_322_310_278_268,1:96|2:33|3:196|4:69|7:71|8:237|14:75|16:158|17:263|18:40|19:372|21:180|24:107|27:120|33:75|34:135|35:167|40:111|41:107|45:45|60:101|68:127|72:83|73:184|78:401|82:42|83:197|85:91|88:234|91:67|92:76|94:218|95:52|97:66|100:211|104:252|136:99|139:258|142:171|145:212|149:222|167:86|173:271|180:231|184:146|186:568|190:168,3:6|4:1|5:7|8:12|9:4|10:12|11:2|12:2|13:1|14:1|15:1|16:9|17:4|18:2|19:23|20:21|21:1|23:1|24:2|25:1|29:4|30:3|32:12|33:1|34:6|35:8|36:3|37:9|38:3|39:5|40:6|41:8|42:30|43:2|44:21|46:2|47:8|48:6|49:1|50:14|52:1|53:17|54:4|56:3|58:7|59:13|61:4|62:37|63:4|64:4|65:5|66:2|68:6|69:9|71:5|73:15|74:39|75:8|76:3|77:20|78:10|80:7|81:12|83:24|84:5|85:3|86:8|87:2|88:13|89:54|90:15|93:19|94:10|96:4|97:1|98:25|99:3|100:13|101:16|102:18|103:11|104:11|105:1|106:12|108:8|109:3|110:6|111:2|112:10|113:9|114:4|115:5|116:15|117:1|119:1|120:11|121:35|123:1|126:2|127:22|128:17|129:1|130:4|131:24|132:24|133:16|134:9|135:5|136:15|137:5|138:4|139:28|140:6|141:1|142:1|143:20|144:121|145:8|146:7|147:9|148:3|149:5|150:5|152:4|153:2|154:8|157:2|159:4|160:6|161:9|162:8|163:6|164:12|165:4|166:9|167:1|169:1|171:1|172:49|173:27|174:2|175:5|176:1|177:1|178:1|179:11|180:12|181:14|182:26|183:5|185:12|186:23|187:15|188:1|189:1|190:2
145,yuko-hori,1251,1015,323_229_230_247_222,1:67|2:51|3:236|4:60|7:43|8:192|14:91|16:261|17:117|18:36|19:226|21:209|24:125|27:100|33:35|34:81|35:161|40:140|41:86|45:24|60:65|68:129|72:63|73:163|78:279|82:26|83:161|85:83|88:196|91:57|92:72|94:134|95:52|97:75|100:225|104:188|136:75|139:253|142:83|144:212|149:162|167:82|173:136|180:129|184:81|186:267|190:102,1:2|2:1|3:11|4:1|5:5|7:1|8:6|9:2|10:10|11:3|12:4|13:2|14:3|15:2|16:18|17:4|18:2|19:13|20:7|21:6|22:2|23:2|24:6|25:1|28:1|29:6|30:5|32:16|34:5|35:11|36:3|37:16|38:2|39:11|40:8|41:5|42:23|43:3|44:8|47:9|48:6|49:1|50:7|51:1|53:10|55:2|56:2|57:1|58:4|59:10|60:1|61:2|62:12|63:5|64:6|65:21|66:5|68:7|69:5|70:1|71:1|73:13|74:19|75:3|76:4|77:9|78:11|80:13|81:7|82:2|83:16|84:13|85:5|86:7|87:3|88:16|89:4|90:13|91:1|93:8|94:3|96:1|97:1|98:15|99:1|100:15|101:7|102:33|103:10|104:10|105:2|106:14|107:1|108:2|109:8|110:3|111:7|112:11|114:6|115:5|116:9|117:1|119:1|120:16|121:13|122:3|124:1|126:3|127:5|128:14|129:1|130:1|131:29|132:22|133:30|134:13|135:2|136:11|137:10|138:4|139:31|140:7|141:2|143:15|144:7|145:60|146:11|147:13|148:6|149:6|150:1|152:3|153:2|154:7|157:1|158:2|159:3|160:7|161:9|162:6|163:4|164:2|165:8|166:6|167:2|168:1|169:1|170:6|171:3|172:14|173:8|174:1|175:11|176:2|177:1|179:3|180:7|181:5|182:12|183:2|185:9|186:9|187:5|188:8|189:4|190:1
149,chizuru-matsuo,2141,1572,328_402_532_452_427,1:169|2:62|3:159|4:117|7:118|8:170|14:110|16:144|17:429|18:50|19:220|21:309|24:212|27:201|33:67|34:207|35:216|40:77|41:112|45:62|60:136|68:116|72:91|73:133|78:393|82:61|83:139|85:199|88:473|91:104|92:136|94:427|95:79|97:121|100:211|104:172|136:177|139:214|142:172|144:222|145:162|167:141|173:208|180:143|184:156|186:795|190:249,1:4|2:1|3:13|4:4|5:8|6:2|7:3|8:11|9:3|10:20|11:15|12:12|13:1|14:4|15:4|16:18|17:21|18:1|19:16|20:15|21:10|22:1|23:3|24:8|25:1|27:1|28:2|29:1|30:5|31:1|32:12|33:3|34:11|35:14|36:32|37:7|38:8|39:27|40:9|41:12|42:54|43:7|44:16|46:5|47:27|48:17|49:4|50:10|51:1|52:1|53:13|54:8|55:18|56:2|58:4|59:30|60:4|61:3|62:25|63:8|64:15|65:14|66:4|68:13|69:5|70:1|71:12|72:2|73:16|74:35|75:7|76:8|77:23|78:30|80:7|81:13|83:39|84:12|85:5|86:11|87:4|88:77|89:28|90:31|91:1|93:11|94:62|95:1|96:4|97:1|98:26|99:3|100:20|101:15|102:20|103:12|104:23|105:3|106:21|107:5|108:7|109:15|110:4|111:13|112:22|113:14|114:6|115:8|116:23|118:2|119:3|120:13|121:14|122:7|123:3|124:8|126:7|127:12|128:21|129:8|130:1|131:33|132:26|133:22|134:11|135:5|136:10|137:22|138:6|139:32|140:4|141:4|142:1|143:24|144:22|145:14|146:25|147:15|148:11|149:52|150:2|151:2|152:6|153:4|154:4|155:1|156:4|157:3|158:4|159:12|160:13|161:11|162:15|163:5|164:5|165:15|166:11|167:1|168:4|169:3|170:11|171:8|172:42|173:29|174:6|175:9|176:4|177:4|179:9|180:7|181:10|182:26|183:8|184:3|185:21|186:58|187:16|188:11|189:8|190:13
167,sakura-muramatsu,763,622,99_118_184_183_179,1:73|2:39|3:72|4:69|7:64|8:115|14:65|16:87|17:133|18:34|19:90|21:237|24:97|27:121|33:41|34:127|35:142|40:44|41:59|45:41|60:59|68:64|72:77|73:65|78:118|82:25|83:70|85:84|88:89|91:49|92:80|94:71|95:56|97:56|100:90|104:109|136:106|139:112|142:94|144:86|145:82|149:141|173:67|180:67|184:72|186:234|190:94,1:1|2:1|3:3|4:4|5:5|7:3|8:8|10:3|11:4|12:6|13:4|14:5|15:6|16:10|17:5|19:5|20:11|21:21|22:2|23:1|24:3|26:1|29:1|30:21|32:5|34:6|35:9|36:2|37:8|38:5|39:6|40:2|41:9|42:16|43:1|44:7|47:8|48:5|50:4|51:1|53:5|54:3|55:2|56:1|58:3|59:7|60:1|61:3|62:14|63:2|64:5|65:11|66:2|68:3|69:1|71:4|72:1|73:7|74:5|75:4|76:2|77:7|78:4|80:1|81:4|82:1|83:14|84:10|85:3|86:4|88:7|89:3|90:6|93:7|94:3|95:1|96:2|98:6|99:1|100:6|101:4|102:14|103:6|104:5|105:1|106:8|107:7|108:1|109:4|110:1|111:4|112:9|113:1|114:4|115:6|116:10|118:1|119:1|120:6|121:6|122:2|123:1|124:3|126:1|127:4|128:4|129:5|130:2|131:19|132:16|133:8|134:3|135:5|136:8|137:3|138:1|139:19|140:9|141:1|143:9|144:2|145:7|146:9|147:12|148:8|149:5|150:1|151:2|152:1|153:1|154:2|157:2|158:1|159:6|160:4|161:10|163:6|164:1|165:8|166:3|167:10|168:1|170:7|172:7|173:6|174:1|175:9|176:5|177:3|178:2|179:4|180:4|181:8|182:11|183:4|184:2|185:11|186:7|187:6|188:4|189:4|190:1
173,kirari-moroboshi,1224,1075,317_227_219_217_244,1:92|2:37|3:150|4:63|7:58|8:206|14:54|16:127|17:157|18:35|19:299|21:139|24:83|27:141|33:51|34:157|35:153|40:127|41:73|45:57|60:88|68:139|72:79|73:128|78:482|82:49|83:140|85:72|88:182|91:64|92:59|94:175|95:46|97:59|100:155|104:179|136:132|139:155|142:130|144:271|145:136|149:208|167:67|180:132|184:92|186:371|190:124,1:2|2:1|3:5|4:3|5:5|6:2|8:13|9:4|10:6|11:2|12:1|15:3|16:8|17:2|18:2|19:23|20:13|21:3|22:1|23:2|24:3|25:3|26:1|27:1|28:2|29:3|30:2|31:1|32:14|34:8|35:9|36:2|37:7|38:4|39:10|40:3|41:5|42:26|43:2|44:12|47:8|48:2|49:1|50:11|51:1|52:1|53:13|54:6|55:1|56:3|58:2|59:7|61:2|62:16|63:2|64:8|65:8|66:1|68:4|69:8|70:1|71:4|72:5|73:11|74:27|75:4|76:6|77:6|78:17|80:3|81:4|83:23|84:8|86:9|87:4|88:9|89:16|90:5|91:1|93:11|94:5|96:3|97:2|98:16|100:7|101:10|102:12|103:4|104:9|105:2|106:10|107:1|108:6|109:4|110:3|111:8|112:8|113:1|114:2|115:2|116:12|117:4|118:1|119:2|120:12|121:8|122:1|123:3|124:2|126:1|127:7|128:5|129:2|131:20|132:14|133:14|134:5|135:7|136:15|137:5|138:4|139:18|140:22|141:4|142:1|143:10|144:23|145:6|146:8|147:9|148:6|149:18|150:2|151:3|152:3|153:3|154:1|157:1|158:1|159:4|160:8|161:9|162:10|163:3|164:6|165:5|166:5|168:1|169:2|170:4|171:1|172:20|173:116|174:2|175:4|176:1|177:4|179:3|180:5|181:16|182:22|183:2|184:1|185:10|186:15|187:10|188:5|189:2|190:4
180,haru-yuuki,1098,944,238_249_228_194_189,1:68|2:52|3:143|4:48|7:43|8:168|14:57|16:138|17:152|18:32|19:235|21:128|24:89|27:94|33:35|34:115|35:104|40:75|41:78|45:42|60:54|68:81|72:57|73:162|78:205|82:30|83:144|85:81|88:146|91:53|92:52|94:112|95:44|97:57|100:143|104:351|136:241|139:145|142:85|144:231|145:129|149:143|167:67|173:132|184:157|186:325|190:118,1:1|2:1|3:3|4:2|5:14|8:7|9:1|10:4|12:3|13:1|15:4|16:12|18:1|19:17|20:13|21:3|22:2|23:2|25:1|26:2|27:1|28:1|29:1|30:2|32:11|34:4|35:2|36:1|37:10|39:18|40:4|41:5|42:20|43:2|44:11|46:4|47:10|48:8|49:5|50:17|53:7|54:1|56:2|57:1|58:3|59:13|60:2|61:8|62:7|63:6|64:2|65:8|66:2|68:5|69:6|71:4|73:12|74:15|75:24|76:14|77:18|78:7|79:1|80:3|81:4|83:23|84:6|85:2|86:6|87:3|88:8|89:12|90:16|93:10|94:6|96:2|98:17|100:8|101:10|102:11|103:12|104:37|105:2|106:6|107:2|108:4|109:4|110:1|111:2|112:6|113:3|114:2|115:3|116:14|117:2|118:2|119:1|120:14|121:26|126:4|127:7|128:13|131:22|132:23|133:7|134:14|135:2|136:23|137:7|138:5|139:21|140:7|141:1|143:14|144:12|145:8|146:12|147:15|148:2|149:6|150:2|151:1|152:3|153:3|154:25|156:1|157:2|158:2|159:3|160:5|161:5|162:11|163:7|164:7|165:6|166:15|167:1|168:2|169:1|170:11|171:3|172:10|173:9|174:1|175:2|176:2|177:1|178:1|179:3|180:46|181:15|182:12|183:4|184:6|185:11|186:18|187:20|188:4|189:6|190:3
184,saki-yoshioka,948,696,137_184_173_204_250,1:131|2:75|3:114|4:63|7:62|8:89|14:67|16:182|17:142|18:57|19:141|21:124|24:101|27:122|33:55|34:81|35:122|40:54|41:64|45:52|60:86|68:74|72:61|73:71|78:139|82:56|83:80|85:78|88:94|91:82|92:76|94:89|95:58|97:87|100:89|104:86|136:99|139:109|142:116|144:146|145:81|149:156|167:72|173:92|180:157|186:240|190:151,1:3|2:2|3:8|4:3|5:4|6:1|7:1|8:6|9:2|10:3|11:3|12:6|13:1|15:4|16:37|17:5|19:13|20:9|21:4|22:1|23:1|25:2|29:2|32:11|34:3|35:8|36:2|37:3|39:15|40:3|41:5|42:13|43:5|44:9|46:2|47:8|48:4|49:5|50:15|51:1|52:2|53:6|55:2|56:3|58:3|59:9|61:3|62:4|63:1|64:3|65:10|66:6|67:1|68:4|69:4|70:2|71:5|72:2|73:7|74:8|75:5|76:3|77:11|78:5|80:3|81:7|83:10|84:10|85:1|86:3|87:3|88:6|89:13|90:8|92:1|93:7|94:11|96:5|98:8|100:6|101:8|102:17|103:9|104:8|105:2|106:6|107:1|108:11|109:6|110:1|111:9|112:5|113:3|114:2|115:9|116:10|117:3|118:1|119:5|120:12|121:22|124:3|127:7|128:10|129:2|130:1|131:11|132:11|133:2|134:6|135:2|136:12|137:6|138:1|139:16|140:6|141:7|142:1|143:11|144:11|145:3|146:10|147:8|148:2|149:8|150:1|151:2|152:2|153:2|154:10|156:2|157:14|159:3|160:6|161:3|162:4|163:4|164:5|165:3|166:5|167:1|170:5|171:1|172:3|173:10|174:3|175:4|176:3|177:2|179:2|180:19|181:7|182:3|183:5|184:19|185:6|186:11|187:8|188:2|189:1|190:5
186,layla,3980,3086,907_743_761_768_801,1:289|2:66|3:329|4:167|7:185|8:462|14:149|16:332|17:824|18:68|19:661|21:529|24:296|27:362|33:111|34:400|35:435|40:153|41:199|45:91|60:285|68:279|72:176|73:327|78:681|82:90|83:270|85:250|88:443|91:126|92:244|94:400|95:120|97:162|100:387|104:432|136:338|139:436|142:428|144:568|145:267|149:795|167:234|173:371|180:325|184:240|190:430,1:5|2:1|3:32|4:6|5:22|6:2|7:4|8:36|9:16|10:30|11:12|12:20|13:5|14:2|15:15|16:27|17:30|18:1|19:64|20:42|21:12|22:3|23:7|24:5|25:1|26:2|27:3|28:2|29:14|30:5|32:50|33:4|34:18|35:26|36:13|37:36|38:17|39:43|40:24|41:19|42:82|43:18|44:45|46:2|47:32|48:18|49:6|50:17|52:3|53:30|54:8|55:11|56:10|57:2|58:10|59:37|60:7|61:5|62:50|63:14|64:22|65:20|66:10|68:20|69:16|70:3|71:13|72:7|73:45|74:62|75:26|76:14|77:41|78:27|79:1|80:14|81:19|83:75|84:31|85:9|86:28|87:7|88:46|89:48|90:47|91:1|92:2|93:38|94:25|95:1|96:7|97:3|98:67|99:7|100:27|101:30|102:37|103:21|104:46|105:6|106:41|107:5|108:12|109:19|110:14|111:17|112:18|113:44|114:15|115:15|116:45|117:4|118:1|119:1|120:28|121:56|122:6|123:4|124:10|126:4|127:28|128:55|129:6|130:4|131:79|132:70|133:39|134:23|135:17|136:34|137:24|138:13|139:52|140:26|141:6|143:47|144:66|145:15|146:32|147:31|148:21|149:37|150:5|151:5|152:8|153:5|154:14|155:1|156:4|157:12|158:7|159:16|160:30|161:23|162:35|163:15|164:16|165:21|166:22|167:11|168:5|169:2|170:31|171:6|172:66|173:48|174:9|175:24|176:11|177:11|178:3|179:14|180:19|181:45|182:48|183:17|184:10|185:43|186:120|187:37|188:10|189:9|190:9
190,rumi-wakui,1300,1079,237_236_238_280_309,1:229|2:63|3:118|4:102|7:122|8:109|14:79|16:113|17:232|18:86|19:173|21:168|24:95|27:170|33:65|34:141|35:135|40:113|41:129|45:70|60:130|68:88|72:97|73:138|78:233|82:137|83:136|85:91|88:143|91:93|92:92|94:108|95:83|97:132|100:134|104:114|136:108|139:170|142:198|144:168|145:102|149:249|167:94|173:124|180:118|184:151|186:430,1:8|2:1|3:10|4:4|5:5|6:1|7:4|8:7|9:7|10:11|11:3|12:10|13:1|15:4|16:16|17:6|18:2|19:16|20:7|21:6|23:2|24:3|25:1|26:1|28:2|29:8|30:3|32:9|33:1|34:9|35:8|36:4|37:4|38:5|39:17|40:8|41:18|42:34|43:17|44:10|45:1|46:2|47:6|48:6|49:5|50:15|53:11|54:3|55:2|56:3|57:1|58:4|59:12|60:2|61:3|62:10|63:5|64:7|65:2|66:4|67:1|68:4|69:11|71:8|72:1|73:19|74:20|75:6|76:6|77:17|78:10|79:2|80:3|81:9|82:1|83:26|84:4|85:3|86:13|87:2|88:21|89:11|90:20|91:2|92:1|93:7|94:6|95:1|96:5|98:41|99:4|100:11|101:24|102:16|103:6|104:15|105:2|106:8|107:1|108:11|109:7|110:6|111:6|112:8|113:7|114:8|115:4|116:18|117:1|118:1|119:3|120:22|121:12|122:1|123:1|124:18|126:3|127:3|128:24|129:8|130:5|131:15|132:12|133:12|134:6|135:7|136:14|137:3|138:10|139:26|140:7|141:3|142:2|143:17|144:16|145:5|146:4|147:13|148:8|149:14|150:4|151:4|152:3|153:1|154:2|155:1|157:11|158:2|159:4|160:50|161:8|162:9|163:4|164:11|165:6|166:10|167:3|169:5|170:4|172:19|173:14|174:3|175:17|176:5|177:7|178:1|179:7|180:8|181:7|182:11|183:3|184:7|185:11|186:14|187:7|188:4|189:4|190:51
