id,name,tweet_count,user_count,only_voted_user_count,top_voted_user_count,tweet_count_per_pos,other_voted_idols,profile_idols
9,anastasia,3576,1789,1132,1325,863_720_767_640_586,10:293|13:143|15:365|26:116|30:429|31:89|37:366|43:305|44:673|50:229|56:328|57:213|59:526|63:128|71:167|86:476|87:239|93:442|99:131|102:448|109:224|110:264|111:323|119:93|121:549|122:182|128:673|132:625|133:251|134:210|137:293|140:282|146:232|151:107|152:382|154:237|161:259|164:171|165:150|166:192|171:199|175:378|178:116|181:279|182:400|187:166|188:193,3:24|4:1|5:5|7:1|8:11|9:76|10:7|11:10|12:6|13:2|14:1|15:16|16:17|17:2|19:34|20:6|21:5|23:2|25:3|26:1|27:2|29:3|30:9|32:31|33:1|34:8|35:5|36:3|37:16|38:7|39:22|40:2|41:6|42:28|43:14|44:53|46:1|47:9|48:6|49:3|50:9|52:1|53:18|55:5|56:2|57:2|58:12|59:38|60:1|62:12|63:7|64:13|65:16|66:9|68:8|69:4|71:3|72:2|73:44|74:30|75:10|76:2|77:17|78:5|80:6|81:24|83:58|84:15|85:1|86:25|87:3|88:15|89:15|90:33|91:1|92:1|93:10|94:11|95:1|96:5|97:1|98:75|99:1|100:25|101:25|102:34|103:16|104:13|105:4|106:14|107:1|108:9|109:8|110:8|111:12|112:7|113:4|114:4|115:4|116:18|118:1|119:1|120:83|121:50|122:3|123:3|124:4|126:3|127:6|128:101|129:7|130:3|131:32|132:32|133:14|134:9|135:4|136:18|137:11|138:5|139:35|140:13|141:2|143:42|144:13|145:7|146:8|147:27|148:10|149:6|150:3|152:5|153:1|154:4|155:1|156:2|157:12|158:2|159:21|160:23|161:12|162:16|163:1|164:5|165:10|166:5|167:2|169:2|170:4|171:2|172:17|173:14|175:15|176:1|177:5|178:1|179:2|180:4|181:10|182:14|183:3|184:2|185:23|186:10|187:17|188:7|189:1|190:7
10,nana-abe,2898,1591,977,1150,690_663_566_510_469,9:293|13:169|15:330|26:115|30:363|31:111|37:403|43:260|44:395|50:241|56:275|57:237|59:299|63:163|71:206|86:341|87:244|93:353|99:154|102:417|109:228|110:293|111:369|119:105|121:313|122:202|128:268|132:518|133:270|134:210|137:326|140:392|146:247|151:114|152:360|154:246|161:327|164:189|165:199|166:175|171:197|175:232|178:149|181:306|182:562|187:236|188:214,2:1|3:7|4:1|5:4|7:2|8:13|9:8|10:88|11:4|12:4|13:1|14:1|15:7|16:24|17:9|19:13|20:15|21:16|22:1|23:3|24:1|27:1|28:1|29:2|30:10|31:3|32:21|33:1|34:6|35:9|36:6|37:36|38:8|39:19|40:10|41:8|42:29|43:9|44:17|46:1|47:16|48:8|49:2|50:7|51:2|53:9|54:4|55:7|56:7|57:1|58:7|59:12|60:2|61:2|62:17|63:6|64:4|65:21|66:3|67:1|68:6|69:7|71:4|73:19|74:28|75:11|76:5|77:15|78:22|79:1|80:11|81:8|83:23|84:21|85:3|86:19|87:2|88:20|89:9|90:17|93:11|94:7|95:1|96:4|98:28|99:4|100:14|101:12|102:36|103:10|104:19|105:2|106:27|107:2|108:7|109:7|110:16|111:18|112:4|113:5|114:2|115:4|116:13|118:1|119:2|120:17|121:16|122:4|123:2|124:8|126:1|127:6|128:26|129:3|130:1|131:36|132:35|133:11|134:5|135:5|136:19|137:11|138:5|139:14|140:16|141:1|142:3|143:24|144:12|145:8|146:17|147:39|148:4|149:10|152:3|154:4|155:1|156:1|157:7|158:5|159:10|160:21|161:21|162:6|163:6|164:7|165:15|166:2|169:2|170:6|171:2|172:27|173:19|175:6|176:2|177:3|178:2|179:4|180:7|181:14|182:31|183:11|184:1|185:21|186:17|187:12|188:5|189:7|190:11
13,kanna-ariura,3014,1263,672,822,337_580_722_737_638,9:143|10:169|15:420|26:240|30:404|31:185|37:190|43:156|44:148|50:183|56:479|57:356|59:220|63:171|71:310|86:149|87:130|93:203|99:186|102:276|109:204|110:128|111:638|119:211|121:192|122:342|128:147|132:289|133:169|134:142|137:516|140:123|146:166|151:222|152:434|154:174|161:165|164:139|165:141|166:167|171:323|175:187|178:225|181:179|182:223|187:174|188:311,1:1|2:1|3:13|4:3|5:3|7:2|8:21|9:5|10:11|11:4|12:6|13:30|14:1|15:27|16:4|17:7|18:3|19:14|20:6|21:5|22:1|23:2|24:6|25:14|26:2|27:1|29:2|30:11|31:1|32:19|34:12|35:14|36:9|37:17|38:4|39:13|40:3|41:7|42:19|43:6|44:10|46:2|47:16|48:10|49:6|50:16|52:2|53:7|54:6|55:7|56:17|57:5|58:6|59:10|60:4|61:2|62:15|63:10|64:7|65:12|66:7|68:7|69:4|70:1|71:5|73:22|74:26|75:13|76:5|77:9|78:6|80:7|81:6|83:23|84:12|85:5|86:4|87:4|88:17|89:14|90:10|91:1|93:5|94:12|95:2|96:5|97:1|98:16|100:12|101:16|102:34|103:15|104:14|105:6|106:12|107:1|108:8|109:7|110:6|111:46|112:6|113:13|114:5|115:4|116:27|117:3|118:2|119:5|120:13|121:22|122:10|123:4|124:6|125:1|126:7|127:13|128:23|129:6|130:1|131:23|132:21|133:12|134:10|135:7|136:14|137:23|138:5|139:23|140:5|141:2|143:20|144:14|145:5|146:12|147:13|148:9|149:12|150:2|151:7|152:4|153:2|154:9|155:1|156:3|157:3|158:2|159:9|160:9|161:8|162:8|163:6|164:5|165:13|166:15|167:3|168:2|169:1|170:20|171:2|172:19|173:16|174:2|175:8|176:2|177:7|178:2|179:5|180:7|181:14|182:14|183:7|184:5|185:18|186:19|187:5|188:7|189:9|190:7
15,eve-santaclaus,5514,2796,1896,2201,1056_876_999_1157_1426,9:365|10:330|13:420|26:235|30:932|31:213|37:404|43:247|44:437|50:257|56:914|57:521|59:473|63:182|71:392|86:382|87:268|93:471|99:241|102:492|109:297|110:315|111:751|119:212|121:408|122:423|128:381|132:831|133:252|134:190|137:773|140:356|146:251|151:219|152:883|154:306|161:293|164:192|165:224|166:194|171:413|175:337|178:223|181:402|182:637|187:252|188:469,1:3|3:23|4:7|5:12|7:3|8:33|9:9|10:14|11:5|12:16|13:13|14:2|15:78|16:32|17:2|18:2|19:33|20:26|21:13|22:2|23:4|24:10|25:10|26:4|27:7|28:3|29:11|30:17|31:1|32:38|33:1|34:19|35:14|36:4|37:30|38:4|39:39|40:5|41:10|42:55|43:9|44:42|45:1|47:30|48:12|49:6|50:15|53:24|54:3|55:3|56:20|57:7|58:15|59:33|60:1|61:7|62:31|63:6|64:16|65:33|66:6|68:16|69:14|70:4|71:6|72:4|73:46|74:48|75:25|76:14|77:31|78:25|80:18|81:14|83:62|84:43|85:8|86:24|87:14|88:33|89:31|90:22|91:1|92:4|93:13|94:9|95:1|96:6|97:2|98:49|99:3|100:53|101:34|102:56|103:16|104:44|105:5|106:34|107:2|108:17|109:10|110:21|111:20|112:11|113:20|114:12|115:18|116:18|117:2|119:3|120:23|121:28|122:6|123:7|124:4|125:1|126:7|127:13|128:47|129:3|130:2|131:82|132:73|133:20|134:18|135:13|136:27|137:27|138:9|139:41|140:27|141:5|142:3|143:45|144:31|145:8|146:27|147:24|148:22|149:15|150:2|151:5|152:6|153:5|154:11|155:4|157:14|158:7|159:29|160:26|161:21|162:24|163:4|164:10|165:20|166:9|167:8|168:2|169:2|170:45|171:4|172:45|173:31|174:2|175:24|176:3|177:6|178:2|179:12|180:8|181:37|182:32|183:12|184:4|185:50|186:27|187:20|188:10|189:9|190:6
26,tsubaki-egami,1323,745,340,404,156_211_258_311_387,9:116|10:115|13:240|15:235|30:296|31:176|37:130|43:140|44:109|50:109|56:282|57:313|59:135|63:106|71:208|86:113|87:91|93:136|99:186|102:237|109:168|110:118|111:341|119:167|121:113|122:242|128:134|132:186|133:130|134:104|137:333|140:87|146:136|151:172|152:282|154:107|161:114|164:91|165:104|166:118|171:235|175:124|178:185|181:120|182:137|187:128|188:243,1:1|3:9|4:5|5:2|7:2|8:7|9:3|10:3|11:6|12:5|13:3|15:7|16:12|17:2|18:1|19:5|20:5|21:4|22:1|23:2|24:1|25:4|26:14|27:4|28:2|29:1|30:10|32:3|33:1|34:3|35:5|36:4|37:10|38:3|39:4|40:2|41:4|42:16|43:9|44:2|47:7|48:5|49:2|50:3|53:8|54:3|55:7|56:4|57:6|58:2|59:8|60:1|61:1|62:6|63:2|64:8|65:8|66:3|68:5|69:5|71:2|72:1|73:9|74:11|75:8|76:3|77:4|78:8|80:1|81:5|83:9|84:5|85:2|86:4|88:17|89:5|90:2|92:3|93:9|94:11|95:2|96:2|97:1|98:19|100:9|101:11|102:52|103:6|104:9|105:4|106:10|108:10|109:12|110:2|111:17|112:4|113:6|114:15|115:3|116:11|118:2|119:3|120:14|121:3|122:6|123:2|124:3|126:2|127:4|128:22|129:5|130:2|131:15|132:17|133:8|134:3|135:2|136:9|137:11|138:1|139:22|140:2|141:3|143:10|144:7|145:5|146:6|147:5|148:6|149:7|150:1|151:4|152:3|153:3|154:2|156:5|157:4|158:1|159:10|160:12|161:6|162:4|163:2|165:8|166:6|170:5|171:3|172:16|173:7|174:2|175:12|176:3|177:4|178:1|179:1|180:1|181:6|182:5|183:5|184:2|185:12|186:6|187:7|188:5|189:3|190:4
30,izumi-ohishi,7618,3448,2324,2715,1376_1429_1450_1620_1743,9:429|10:363|13:404|15:932|26:296|31:191|37:546|43:334|44:473|50:298|56:670|57:658|59:554|63:188|71:554|86:509|87:284|93:596|99:258|102:734|109:361|110:379|111:937|119:243|121:502|122:553|128:524|132:1158|133:302|134:261|137:1022|140:319|146:332|151:245|152:1158|154:401|161:379|164:205|165:232|166:280|171:615|175:695|178:270|181:432|182:602|187:293|188:592,1:4|3:34|4:6|5:18|7:7|8:47|9:13|10:21|11:22|12:21|13:4|14:1|15:27|16:57|17:15|18:3|19:46|20:24|21:24|22:2|23:5|24:7|25:5|26:7|27:6|29:8|30:78|32:48|33:2|34:14|35:16|36:22|37:60|38:13|39:53|40:15|41:34|42:94|43:12|44:44|45:4|46:1|47:35|48:25|49:8|50:12|52:1|53:34|54:6|55:13|56:4|57:14|58:16|59:41|60:1|61:2|62:38|63:12|64:28|65:54|66:9|68:17|69:9|70:2|71:17|72:1|73:59|74:50|75:21|76:19|77:39|78:15|79:2|80:19|81:23|82:1|83:92|84:49|85:8|86:39|87:6|88:37|89:23|90:36|91:3|92:6|93:17|94:20|95:4|96:4|97:3|98:75|99:4|100:43|101:30|102:100|103:24|104:56|105:7|106:40|107:12|108:19|109:11|110:16|111:35|112:25|113:21|114:17|115:17|116:28|117:3|118:5|119:2|120:66|121:46|122:11|123:5|124:8|125:2|126:8|127:17|128:79|129:15|130:3|131:108|132:112|133:26|134:12|135:15|136:40|137:36|138:8|139:70|140:21|141:10|142:2|143:83|144:33|145:15|146:36|147:38|148:48|149:21|150:7|151:3|152:10|153:8|154:16|155:2|156:3|157:26|158:10|159:45|160:53|161:35|162:15|163:9|164:13|165:18|166:18|167:12|168:1|169:1|170:23|171:10|172:59|173:25|174:3|175:86|176:9|177:11|178:2|179:14|180:12|181:29|182:34|183:16|184:3|185:44|186:27|187:36|188:21|189:11|190:10
31,yuu-ohta,1460,570,234,287,92_225_305_408_430,9:89|10:111|13:185|15:213|26:176|30:191|37:93|43:152|44:97|50:117|56:210|57:186|59:113|63:103|71:174|86:106|87:95|93:105|99:221|102:100|109:94|110:111|111:290|119:160|121:100|122:186|128:110|132:127|133:104|134:100|137:238|140:89|146:93|151:241|152:311|154:101|161:105|164:101|165:95|166:91|171:175|175:115|178:174|181:113|182:126|187:115|188:174,3:5|5:1|6:1|7:1|8:6|9:2|10:2|11:3|12:4|13:2|15:6|16:3|18:2|19:6|20:4|21:4|24:1|27:1|28:2|29:1|30:6|31:6|32:6|34:7|35:6|36:1|37:6|39:3|40:2|41:7|42:9|43:5|44:2|45:1|46:1|47:3|48:3|49:5|50:5|51:1|52:1|53:4|54:4|55:2|56:5|58:2|59:3|60:1|62:6|63:2|64:3|65:1|66:4|68:4|69:4|71:3|73:2|74:14|75:4|76:2|77:1|78:1|80:3|81:4|83:7|84:4|85:2|86:5|88:3|89:4|90:3|93:7|94:2|95:1|96:4|97:2|98:10|99:2|100:6|101:3|102:3|103:4|104:4|105:3|106:7|107:1|108:6|109:2|110:3|111:14|112:2|113:4|114:2|116:4|117:2|119:3|120:3|121:5|122:5|123:1|124:4|125:1|126:3|127:6|128:18|129:1|131:7|132:8|133:6|134:1|135:5|136:2|137:10|138:3|139:6|140:2|142:4|143:3|144:5|145:2|146:8|147:4|148:2|149:5|150:4|151:4|152:12|153:1|157:20|158:1|159:4|160:6|161:5|162:3|163:2|164:1|165:5|166:1|169:1|170:2|171:2|172:5|173:8|174:1|175:8|176:1|179:1|180:1|181:2|182:9|183:3|184:3|185:2|186:4|187:4|188:3|189:4|190:1
37,chieri-ogata,4508,2273,1480,1758,1395_940_777_707_689,9:366|10:403|13:190|15:404|26:130|30:546|31:93|43:210|44:461|50:215|56:290|57:346|59:393|63:159|71:204|86:399|87:296|93:384|99:103|102:871|109:394|110:434|111:414|119:92|121:374|122:243|128:335|132:999|133:285|134:233|137:477|140:563|146:312|151:116|152:378|154:348|161:600|164:150|165:229|166:180|171:258|175:276|178:198|181:618|182:447|187:294|188:341,2:1|3:35|4:5|5:18|7:1|8:21|9:11|10:17|11:3|12:10|13:2|14:2|15:10|16:61|17:2|18:2|19:29|20:17|21:37|22:1|23:1|24:1|25:1|26:3|27:3|28:1|29:9|30:15|31:1|32:40|33:3|34:6|35:8|36:4|37:265|38:9|39:40|40:9|41:8|42:39|43:6|44:33|45:1|46:1|47:33|48:20|49:2|50:9|52:1|53:18|54:3|55:6|56:3|57:9|58:9|59:29|61:4|62:29|63:5|64:19|65:78|66:5|67:1|68:17|69:3|70:1|71:6|72:3|73:22|74:67|75:23|76:16|77:55|78:12|79:1|80:22|81:16|83:46|84:52|85:1|86:18|87:8|88:33|89:14|90:18|91:1|92:3|93:10|94:8|96:3|97:1|98:30|99:1|100:28|101:10|102:97|103:22|104:55|105:6|106:32|107:3|108:15|109:22|110:26|111:7|112:18|113:6|114:6|115:19|116:18|119:2|120:36|121:29|122:3|123:4|124:2|126:3|127:14|128:33|129:11|130:3|131:72|132:74|133:11|134:12|135:11|136:25|137:23|138:6|139:64|140:29|141:1|143:51|144:14|145:15|146:21|147:27|148:24|149:6|150:1|151:1|152:3|153:4|154:11|155:2|157:11|158:8|159:36|160:31|161:47|162:9|163:5|164:5|165:10|166:7|167:11|169:5|170:21|171:3|172:40|173:14|175:10|176:9|177:2|178:1|179:8|180:6|181:57|182:21|183:8|184:2|185:74|186:17|187:22|188:22|189:4|190:1
43,mizuki-kawashima,2878,1421,867,1032,602_722_472_525_557,9:305|10:260|13:156|15:247|26:140|30:334|31:152|37:210|44:282|50:307|56:248|57:194|59:282|63:153|71:209|86:302|87:178|93:267|99:322|102:274|109:160|110:214|111:344|119:122|121:258|122:193|128:413|132:328|133:224|134:224|137:270|140:192|146:189|151:147|152:692|154:181|161:216|164:232|165:127|166:296|171:179|175:354|178:111|181:169|182:310|187:176|188:203,3:9|4:1|5:4|6:1|7:1|8:9|9:9|10:11|11:9|12:26|13:2|14:2|15:7|16:5|17:3|19:19|20:8|21:7|23:4|25:4|27:4|28:1|29:3|30:7|32:18|34:3|35:3|36:4|37:11|38:19|39:14|40:13|41:46|42:34|43:76|44:11|45:1|46:1|47:7|48:3|49:5|50:13|52:1|53:18|54:3|55:4|56:5|58:6|59:13|61:2|62:9|63:6|64:5|65:11|66:3|68:4|69:15|71:10|73:24|74:19|75:9|76:14|77:7|78:9|80:2|81:9|82:1|83:33|84:14|85:2|86:16|87:5|88:9|89:8|90:9|91:1|92:2|93:7|94:4|95:1|96:3|98:86|99:8|100:10|101:8|102:16|103:10|104:16|105:2|106:9|107:2|108:10|109:4|110:4|111:17|112:5|113:2|114:1|115:4|116:17|117:1|119:3|120:29|121:13|122:3|123:3|124:6|126:3|127:8|128:64|129:4|130:8|131:21|132:24|133:13|134:12|135:5|136:18|137:11|138:5|139:19|140:9|141:2|142:3|143:29|144:13|145:4|146:7|147:8|148:9|149:12|150:4|151:4|152:19|153:3|154:4|155:1|156:1|157:11|158:4|159:11|160:37|161:8|162:7|163:1|164:6|165:4|166:30|167:2|169:1|170:4|171:2|172:20|173:11|175:21|176:1|177:7|178:1|179:4|180:3|181:5|182:18|183:8|184:4|185:11|186:11|187:12|188:9|189:2|190:6
44,ranko-kanzaki,4295,2360,1611,1820,871_1037_891_801_695,9:673|10:395|13:148|15:437|26:109|30:473|31:97|37:461|43:282|50:235|56:299|57:221|59:658|63:160|71:203|86:522|87:287|93:608|99:138|102:493|109:264|110:335|111:331|119:104|121:1016|122:200|128:603|132:910|133:246|134:223|137:360|140:454|146:266|151:123|152:407|154:320|161:294|164:209|165:175|166:203|171:204|175:379|178:129|181:359|182:686|187:198|188:224,2:1|3:20|4:3|5:9|7:1|8:16|9:25|10:11|11:6|12:7|15:16|16:25|17:3|18:1|19:57|20:23|21:10|22:1|23:2|24:1|25:1|27:2|28:1|29:4|30:12|31:2|32:39|33:1|34:4|35:9|36:3|37:42|38:11|39:22|40:7|41:1|42:44|43:7|44:231|47:18|48:8|49:3|50:9|51:1|53:15|54:1|55:2|56:3|57:4|58:13|59:60|61:3|62:23|63:6|64:13|65:30|66:9|68:12|69:4|71:8|72:3|73:45|74:45|75:22|76:5|77:28|78:14|79:2|80:6|81:16|83:68|84:20|85:6|86:32|87:7|88:19|89:35|90:38|92:1|93:19|94:7|95:3|96:2|97:1|98:63|99:4|100:24|101:21|102:34|103:15|104:27|105:4|106:22|107:1|108:13|109:10|110:15|111:12|112:6|113:8|114:2|115:5|116:19|118:2|119:3|120:42|121:132|122:4|123:2|124:2|126:9|127:19|128:73|129:4|130:2|131:47|132:56|133:13|134:5|135:8|136:32|137:17|138:3|139:33|140:19|141:2|142:1|143:53|144:24|145:10|146:15|147:24|148:22|149:7|150:1|152:6|153:1|154:10|155:1|156:1|157:6|158:4|159:20|160:30|161:19|162:12|163:4|164:14|165:8|166:9|167:3|169:1|170:9|171:5|172:35|173:11|175:24|176:2|177:4|178:1|179:6|180:7|181:21|182:38|183:11|184:2|185:25|186:13|187:21|188:7|189:4|190:1
50,natsuki-kimura,2572,1404,875,1039,523_531_509_497_512,9:229|10:241|13:183|15:257|26:109|30:298|31:117|37:215|43:307|44:235|56:225|57:190|59:302|63:170|71:193|86:300|87:183|93:365|99:183|102:252|109:154|110:177|111:380|119:154|121:380|122:200|128:372|132:351|133:242|134:195|137:273|140:207|146:232|151:139|152:428|154:211|161:193|164:394|165:124|166:256|171:150|175:260|178:105|181:185|182:353|187:211|188:202,1:2|2:1|3:4|4:2|5:3|8:8|9:6|10:6|11:1|12:3|13:2|15:7|16:9|17:3|18:4|19:23|20:16|21:2|23:2|25:2|27:1|29:5|30:4|31:1|32:17|33:2|34:5|35:9|36:1|37:11|38:6|39:17|40:4|41:3|42:33|43:5|44:13|46:2|47:4|48:3|49:10|50:97|51:2|52:1|53:16|54:2|55:1|56:2|57:1|58:5|59:19|61:3|62:16|63:5|64:11|65:14|66:6|68:6|69:17|70:1|71:3|73:11|74:21|75:5|76:3|77:7|78:7|80:2|81:8|82:2|83:23|84:16|85:3|86:19|87:4|88:7|89:15|90:19|93:9|94:6|95:1|96:4|97:1|98:33|99:6|100:9|101:16|102:15|103:46|104:11|105:3|106:12|107:1|108:12|109:5|110:3|111:18|112:5|113:3|114:1|115:6|116:17|117:4|118:4|119:3|120:19|121:19|122:4|123:4|124:4|126:3|127:7|128:66|129:6|130:3|131:20|132:22|133:9|134:7|135:2|136:22|137:9|138:6|139:17|140:5|141:5|142:1|143:24|144:24|145:6|146:16|147:18|148:4|149:9|150:13|151:2|152:4|153:7|154:4|156:2|157:17|158:4|159:10|160:12|161:9|162:9|163:3|164:24|165:7|166:13|167:5|168:4|169:2|170:6|172:14|173:19|174:1|175:9|176:1|177:5|179:11|180:8|181:10|182:20|183:3|184:5|185:11|186:17|187:13|188:6|189:2|190:6
56,clarice,4347,2207,1405,1621,625_874_956_886_1006,9:328|10:275|13:479|15:914|26:282|30:670|31:210|37:290|43:248|44:299|50:225|57:539|59:438|63:187|71:376|86:264|87:188|93:321|99:259|102:423|109:235|110:235|111:749|119:221|121:296|122:412|128:311|132:476|133:256|134:177|137:661|140:216|146:203|151:230|152:732|154:253|161:233|164:164|165:177|166:200|171:402|175:313|178:257|181:312|182:386|187:236|188:422,3:21|4:8|5:9|7:3|8:19|9:11|10:14|11:8|12:19|13:18|14:1|15:52|16:24|17:6|19:24|20:15|21:8|22:1|23:3|24:10|25:14|26:4|27:5|28:2|29:8|30:19|32:16|34:16|35:14|36:5|37:21|38:9|39:15|40:8|41:11|42:39|43:8|44:27|46:2|47:15|48:7|49:5|50:11|53:26|54:3|55:4|56:38|57:6|58:11|59:38|60:2|61:5|62:21|63:9|64:20|65:13|66:3|68:16|69:7|70:2|71:6|72:1|73:40|74:47|75:16|76:14|77:23|78:12|79:1|80:11|81:13|83:45|84:28|85:7|86:9|87:3|88:41|89:23|90:33|91:3|92:3|93:14|94:20|95:1|96:4|97:3|98:43|100:34|101:27|102:47|103:11|104:28|105:6|106:21|107:2|108:15|109:11|110:11|111:22|112:11|113:17|114:10|115:10|116:14|117:3|118:5|119:2|120:22|121:22|122:7|123:5|124:5|125:1|126:5|127:7|128:46|129:9|130:7|131:25|132:28|133:15|134:7|135:7|136:23|137:24|138:3|139:34|140:11|141:6|143:36|144:26|145:11|146:14|147:14|148:19|149:19|150:3|151:2|152:5|153:2|154:10|155:3|156:1|157:8|158:4|159:34|160:30|161:18|162:13|163:3|164:3|165:14|166:6|167:2|168:1|169:6|170:32|171:7|172:35|173:20|174:4|175:18|176:5|177:9|178:2|179:7|180:10|181:27|182:22|183:9|184:5|185:38|186:24|187:20|188:11|189:12|190:8
57,nene-kurihara,3243,1770,1073,1206,333_457_693_865_895,9:213|10:237|13:356|15:521|26:313|30:658|31:186|37:346|43:194|44:221|50:190|56:539|59:290|63:145|71:338|86:231|87:165|93:289|99:197|102:417|109:237|110:221|111:687|119:188|121:220|122:378|128:255|132:521|133:189|134:163|137:611|140:203|146:190|151:245|152:527|154:228|161:234|164:146|165:154|166:180|171:424|175:255|178:258|181:291|182:291|187:222|188:437,2:2|3:22|4:4|5:9|7:3|8:19|9:5|10:21|11:13|12:11|13:5|14:1|15:20|16:37|17:4|19:25|20:7|21:15|22:2|23:5|24:9|26:6|27:2|28:4|29:2|30:22|31:1|32:23|33:4|34:10|35:13|36:11|37:43|38:12|39:32|40:3|41:6|42:27|43:3|44:12|46:1|47:16|48:8|49:2|50:9|52:1|53:36|54:15|55:7|56:12|57:29|58:12|59:24|60:1|61:7|62:20|63:11|64:36|65:35|66:5|68:20|69:5|71:6|72:4|73:33|74:35|75:12|76:17|77:24|78:14|79:1|80:12|81:13|83:43|84:27|85:4|86:14|87:5|88:28|89:8|90:25|91:2|92:5|93:10|94:20|95:1|96:3|97:1|98:30|99:4|100:21|101:17|102:55|103:9|104:30|105:9|106:35|107:4|108:9|109:11|110:10|111:28|112:10|113:11|114:7|115:11|116:24|118:2|119:3|120:22|121:17|122:5|123:2|124:8|125:1|126:3|127:7|128:46|129:11|130:2|131:46|132:46|133:12|134:10|135:6|136:22|137:20|138:4|139:42|140:10|141:5|142:1|143:39|144:11|145:11|146:15|147:15|148:19|149:14|150:2|151:5|152:5|153:3|154:14|155:1|156:2|157:4|158:3|159:40|160:23|161:15|162:14|163:4|164:6|165:8|166:7|167:4|168:3|169:3|170:23|171:7|172:31|173:13|174:2|175:13|176:4|177:6|178:2|179:10|180:7|181:13|182:15|183:8|184:3|185:27|186:15|187:12|188:12|189:6|190:7
59,chitose-kurosaki,5028,2507,1702,1973,1075_1093_1038_1001_821,9:526|10:299|13:220|15:473|26:135|30:554|31:113|37:393|43:282|44:658|50:302|56:438|57:290|63:190|71:225|86:555|87:260|93:715|99:157|102:540|109:292|110:304|111:455|119:137|121:700|122:251|128:651|132:1048|133:254|134:238|137:456|140:295|146:317|151:134|152:612|154:386|161:258|164:211|165:176|166:239|171:275|175:418|178:130|181:339|182:696|187:186|188:276,3:31|4:3|5:12|7:1|8:17|9:30|10:13|11:8|12:6|13:3|14:1|15:20|16:34|17:3|18:2|19:57|20:10|21:10|22:2|23:2|24:1|25:1|26:2|27:2|28:2|29:6|30:9|31:1|32:48|34:6|35:7|36:8|37:32|38:8|39:37|40:7|41:14|42:68|43:9|44:68|45:1|47:16|48:15|49:7|50:15|52:2|53:31|54:2|55:5|56:10|57:4|58:15|59:194|60:4|61:3|62:18|63:6|64:17|65:30|66:13|68:19|69:11|70:1|71:7|72:3|73:57|74:56|75:22|76:5|77:28|78:18|79:1|80:13|81:37|83:69|84:31|85:5|86:49|87:3|88:39|89:26|90:109|91:3|92:4|93:20|94:15|96:3|97:2|98:72|99:3|100:43|101:25|102:61|103:21|104:39|105:1|106:44|107:2|108:12|109:10|110:10|111:12|112:17|113:4|114:3|115:4|116:26|117:1|118:4|119:2|120:30|121:76|122:2|123:7|124:5|126:7|127:18|128:113|129:13|130:3|131:69|132:67|133:12|134:16|135:10|136:26|137:28|138:5|139:44|140:10|141:2|142:1|143:103|144:23|145:8|146:27|147:21|148:15|149:13|150:8|151:3|152:5|153:2|154:18|155:1|156:3|157:8|158:5|159:19|160:42|161:14|162:25|163:2|164:8|165:12|166:13|167:2|169:5|170:12|171:5|172:34|173:16|174:3|175:21|176:1|177:5|179:11|180:13|181:12|182:35|183:10|184:1|185:30|186:14|187:25|188:5|189:3|190:8
63,reina-koseki,1631,861,491,570,328_384_288_309_322,9:128|10:163|13:171|15:182|26:106|30:188|31:103|37:159|43:153|44:160|50:170|56:187|57:145|59:190|71:189|86:158|87:180|93:255|99:124|102:178|109:130|110:131|111:256|119:116|121:204|122:190|128:140|132:239|133:171|134:136|137:224|140:183|146:141|151:119|152:270|154:333|161:141|164:172|165:191|166:190|171:153|175:160|178:141|181:221|182:272|187:207|188:162,3:3|4:3|5:4|6:1|8:8|9:4|10:8|11:4|12:2|13:4|15:8|16:6|17:6|18:1|19:7|20:11|21:2|24:1|26:1|28:2|29:4|30:4|31:2|32:9|34:8|35:8|37:3|38:2|39:10|40:5|41:3|42:18|43:4|44:7|45:1|46:4|47:12|48:7|49:2|50:10|53:5|54:2|55:4|56:3|58:1|59:7|61:6|62:11|63:38|64:5|65:6|66:5|68:7|69:12|70:2|71:8|72:1|73:5|74:16|75:6|76:3|77:10|78:7|80:6|81:7|83:9|84:8|85:2|86:7|87:5|88:9|89:18|90:7|91:1|93:10|94:3|96:3|98:7|99:1|100:7|101:7|102:11|103:5|104:10|106:14|107:1|108:3|109:1|110:3|111:8|112:2|113:1|114:2|115:6|116:42|117:3|118:2|119:2|120:3|121:11|122:4|124:3|126:6|127:12|128:9|129:3|130:1|131:14|132:16|133:5|134:9|135:4|136:9|137:6|138:5|139:6|140:8|141:1|142:1|143:8|144:25|145:4|146:10|147:9|148:5|149:6|150:5|151:4|152:5|153:1|154:18|155:3|157:3|158:3|159:3|160:7|161:3|162:4|163:24|164:12|165:15|166:11|168:1|171:2|172:16|173:13|175:5|177:1|178:3|179:4|180:8|181:10|182:17|183:10|184:3|185:9|186:14|187:19|188:6|189:4|190:3
71,kiyomi-saejima,2959,1479,845,991,378_524_612_649_796,9:167|10:206|13:310|15:392|26:208|30:554|31:174|37:204|43:209|44:203|50:193|56:376|57:338|59:225|63:189|86:223|87:175|93:277|99:202|102:264|109:174|110:151|111:572|119:202|121:245|122:384|128:215|132:385|133:186|134:162|137:464|140:171|146:171|151:217|152:538|154:239|161:198|164:164|165:172|166:186|171:332|175:342|178:225|181:231|182:282|187:209|188:312,1:1|3:9|4:4|5:12|6:1|7:4|8:6|9:4|10:7|11:8|12:20|13:5|14:4|15:14|16:9|17:7|18:2|19:20|20:10|21:7|22:1|23:2|24:1|25:2|26:1|27:4|28:1|29:8|30:22|31:1|32:17|33:2|34:3|35:11|36:11|37:18|38:9|39:12|40:9|41:29|42:21|43:8|44:14|45:1|46:3|47:15|48:10|49:4|50:13|53:17|54:4|55:5|56:4|57:4|58:5|59:18|61:4|62:20|63:9|64:4|65:13|66:4|68:4|69:5|70:1|71:39|73:17|74:26|75:16|76:9|77:15|78:8|80:2|81:4|83:22|84:12|85:8|86:15|87:2|88:14|89:10|90:26|91:1|92:4|93:7|94:9|95:1|96:4|97:2|98:12|99:4|100:12|101:18|102:20|103:21|104:21|105:3|106:14|107:1|108:8|109:5|110:9|111:26|112:11|113:10|114:6|115:6|116:16|117:2|118:1|119:4|120:18|121:19|122:4|123:4|124:8|125:1|126:6|127:12|128:35|129:6|130:2|131:18|132:21|133:16|134:8|135:8|136:14|137:20|138:4|139:15|140:11|141:2|142:1|143:22|144:17|145:10|146:20|147:14|148:11|149:23|150:1|151:4|152:5|154:11|155:1|156:3|157:11|158:3|159:13|160:16|161:15|162:7|163:6|164:8|165:15|166:11|167:3|168:2|169:2|170:5|171:11|172:20|173:14|174:3|175:40|176:6|177:4|178:1|179:6|180:8|181:19|182:19|183:6|184:4|185:14|186:20|187:16|188:7|189:8|190:5
86,mika-jougasaki,4374,2089,1317,1553,1071_827_839_886_751,9:476|10:341|13:149|15:382|26:113|30:509|31:106|37:399|43:302|44:522|50:300|56:264|57:231|59:555|63:158|71:223|87:622|93:498|99:129|102:525|109:211|110:332|111:391|119:124|121:512|122:216|128:740|132:793|133:289|134:263|137:363|140:299|146:319|151:117|152:550|154:348|161:305|164:245|165:145|166:227|171:218|175:366|178:112|181:283|182:511|187:203|188:249,3:24|4:2|5:11|7:2|8:11|9:18|10:8|11:3|12:7|13:1|15:12|16:21|17:3|18:4|19:57|20:14|21:13|22:1|24:2|25:3|26:1|27:1|28:1|29:5|30:14|31:2|32:54|34:2|35:7|36:4|37:30|38:12|39:26|40:9|41:5|42:58|43:10|44:27|46:4|47:11|48:6|49:3|50:11|53:24|54:3|55:6|56:4|57:3|58:11|59:40|62:15|63:3|64:14|65:30|66:11|68:15|69:9|70:2|71:5|72:1|73:31|74:41|75:9|76:3|77:14|78:13|79:1|80:11|81:30|83:58|84:38|85:2|86:162|87:34|88:23|89:14|90:30|91:2|92:1|93:13|94:11|95:1|96:4|97:1|98:70|99:3|100:24|101:13|102:43|103:15|104:28|105:2|106:22|107:2|108:14|109:5|110:11|111:10|112:8|113:14|114:6|115:4|116:12|118:1|119:1|120:48|121:32|122:3|123:2|124:6|126:1|127:10|128:109|129:6|130:4|131:52|132:61|133:10|134:9|135:7|136:20|137:16|138:7|139:33|140:7|141:7|142:1|143:69|144:16|145:10|146:23|147:26|148:25|149:7|150:2|151:3|152:13|153:4|154:14|155:2|156:1|157:13|158:4|159:19|160:44|161:12|162:28|163:3|164:6|165:5|166:9|167:1|168:1|169:1|170:7|171:2|172:18|173:17|175:21|176:3|177:6|179:7|180:8|181:7|182:19|183:14|184:1|185:18|186:11|187:18|188:9|189:2|190:6
87,rika-jougasaki,2132,1251,758,859,314_481_396_477_464,9:239|10:244|13:130|15:268|26:91|30:284|31:95|37:296|43:178|44:287|50:183|56:188|57:165|59:260|63:180|71:175|86:622|93:304|99:114|102:286|109:177|110:200|111:253|119:104|121:261|122:156|128:270|132:499|133:221|134:183|137:231|140:274|146:195|151:120|152:273|154:421|161:228|164:154|165:160|166:160|171:133|175:202|178:125|181:317|182:346|187:279|188:193,3:10|4:1|5:15|6:1|8:9|9:6|10:7|11:2|12:5|13:2|15:4|16:8|17:3|18:1|19:19|20:14|21:7|24:1|28:1|29:2|30:4|31:1|32:31|33:1|34:4|35:5|36:2|37:22|38:1|39:19|40:2|41:1|42:30|43:7|44:10|46:3|47:8|48:8|49:2|50:11|52:1|53:12|54:4|55:2|56:2|57:2|58:3|59:15|61:5|62:8|63:4|64:6|65:14|66:5|68:4|69:4|71:3|72:1|73:6|74:21|75:15|76:10|77:17|78:5|79:1|80:7|81:6|83:25|84:16|85:2|86:83|87:61|88:11|89:11|90:11|91:1|93:11|94:6|96:4|97:1|98:17|99:1|100:11|101:8|102:21|103:12|104:24|105:1|106:8|107:3|108:9|109:3|110:3|111:5|112:4|113:7|114:2|115:3|116:6|117:1|118:1|119:1|120:13|121:12|122:4|123:4|124:2|126:4|127:8|128:25|129:3|130:1|131:30|132:30|133:8|134:5|135:5|136:15|137:6|138:2|139:9|140:7|141:4|143:17|144:7|145:1|146:15|147:18|148:11|149:7|151:2|152:2|153:2|154:26|155:2|157:7|158:3|159:5|160:14|161:12|162:6|163:3|164:5|165:6|166:4|167:2|168:5|169:1|170:3|171:1|172:15|173:17|175:5|176:1|177:1|179:3|180:7|181:15|182:13|183:7|184:1|185:13|186:8|187:15|188:7|189:2|190:2
93,akira-sunazuka,4968,2712,1893,2180,798_1261_1060_1024_825,9:442|10:353|13:203|15:471|26:136|30:596|31:105|37:384|43:267|44:608|50:365|56:321|57:289|59:715|63:255|71:277|86:498|87:304|99:137|102:445|109:233|110:258|111:474|119:137|121:828|122:259|128:604|132:1183|133:294|134:255|137:475|140:415|146:290|151:152|152:508|154:406|161:271|164:236|165:228|166:300|171:241|175:467|178:135|181:340|182:1256|187:262|188:247,3:17|4:1|5:7|7:2|8:11|9:16|10:13|11:9|12:14|13:5|14:2|15:6|16:27|17:6|18:2|19:54|20:15|21:8|23:1|24:5|25:1|26:2|27:2|29:4|30:11|32:44|33:2|34:6|35:16|36:8|37:29|38:11|39:29|40:7|41:5|42:58|43:3|44:46|45:1|46:3|47:22|48:15|49:4|50:18|51:1|52:1|53:34|54:2|55:3|56:6|57:2|58:6|59:39|60:4|61:4|62:30|63:14|64:13|65:18|66:3|68:11|69:15|70:1|71:4|72:1|73:19|74:50|75:12|76:3|77:23|78:19|80:11|81:23|83:70|84:23|85:6|86:33|87:10|88:15|89:36|90:39|91:1|92:1|93:100|94:10|95:3|96:2|97:1|98:55|99:5|100:20|101:22|102:27|103:29|104:27|106:88|107:3|108:10|109:13|110:3|111:23|112:14|113:5|114:2|115:3|116:32|117:1|118:3|119:1|120:30|121:84|122:2|123:1|124:4|126:4|127:34|128:82|129:5|130:3|131:94|132:79|133:18|134:11|135:10|136:31|137:17|138:8|139:38|140:21|143:55|144:38|145:9|146:18|147:26|148:20|149:8|150:4|151:3|152:6|153:4|154:19|155:2|156:2|157:12|158:2|159:8|160:23|161:14|162:25|163:17|164:9|165:8|166:13|167:4|168:2|169:4|170:10|171:4|172:48|173:23|174:1|175:18|177:4|179:7|180:22|181:22|182:91|183:9|185:24|186:14|187:22|188:6|189:5|190:6
99,reiko-takahashi,1735,878,491,573,236_297_360_402_440,9:131|10:154|13:186|15:241|26:186|30:258|31:221|37:103|43:322|44:138|50:183|56:259|57:197|59:157|63:124|71:202|86:129|87:114|93:137|102:123|109:97|110:126|111:329|119:189|121:158|122:223|128:188|132:148|133:121|134:117|137:253|140:107|146:112|151:218|152:553|154:114|161:105|164:187|165:106|166:132|171:177|175:189|178:162|181:118|182:177|187:133|188:193,1:7|2:1|3:2|4:2|5:4|6:1|7:2|8:9|10:5|11:4|12:3|13:1|14:1|15:6|16:3|17:2|18:2|19:13|20:5|21:4|23:3|25:3|26:2|27:1|28:1|29:4|30:4|31:2|32:9|33:2|34:7|35:5|36:1|37:3|38:8|39:5|40:3|41:15|42:17|43:26|44:5|45:1|46:2|47:6|48:5|49:11|50:16|51:1|52:2|53:13|54:1|55:1|56:6|58:8|59:5|62:5|63:2|64:1|65:1|66:2|68:6|69:18|71:4|73:9|74:17|75:1|76:2|77:7|78:4|80:3|81:5|82:1|83:16|84:6|85:3|86:8|87:1|88:5|89:7|90:5|91:1|92:1|93:4|94:3|95:3|96:1|98:27|99:12|100:10|101:12|102:4|103:6|104:6|105:5|106:2|107:2|108:15|111:11|112:5|113:7|114:4|115:1|116:10|117:4|119:3|120:13|121:10|122:4|123:4|124:6|126:2|127:5|128:33|129:1|130:9|131:8|132:9|133:4|134:7|135:3|136:8|137:7|138:3|139:7|140:2|141:1|142:5|143:8|144:13|145:3|146:8|147:4|149:9|150:6|151:3|152:6|154:2|156:1|157:5|158:2|159:2|160:19|161:6|162:1|163:3|164:11|165:5|166:4|169:2|170:1|172:9|173:8|174:2|175:12|177:4|179:5|180:2|181:7|182:11|183:2|184:5|185:7|186:14|187:8|188:2|189:3|190:11
102,aiko-takamori,5998,2823,1847,2227,1484_1343_1199_1026_946,9:448|10:417|13:276|15:492|26:237|30:734|31:100|37:871|43:274|44:493|50:252|56:423|57:417|59:540|63:178|71:264|86:525|87:286|93:445|99:123|109:610|110:542|111:544|119:125|121:384|122:273|128:459|132:1118|133:681|134:359|137:642|140:353|146:669|151:112|152:544|154:317|161:488|164:166|165:200|166:238|171:381|175:348|178:171|181:416|182:516|187:286|188:525,1:3|2:1|3:88|4:2|5:13|7:1|8:19|9:21|10:22|11:15|12:14|13:4|14:2|15:15|16:77|17:8|18:2|19:23|20:14|21:43|22:1|23:2|24:9|25:5|26:9|27:3|29:6|30:27|31:2|32:32|33:2|34:3|35:12|36:17|37:96|38:19|39:57|40:5|41:12|42:70|43:10|44:29|46:4|47:31|48:10|49:3|50:11|52:1|53:19|54:3|55:9|56:14|57:10|58:14|59:43|60:1|61:6|62:26|63:8|64:26|65:96|66:12|68:30|69:5|71:4|72:2|73:58|74:53|75:24|76:13|77:29|78:12|79:1|80:27|81:22|83:66|84:53|85:6|86:26|87:5|88:51|89:23|90:31|91:1|92:3|93:16|94:11|95:3|96:1|98:52|99:2|100:34|101:21|102:307|103:22|104:55|105:7|106:47|107:3|108:22|109:59|110:36|111:11|112:16|113:8|114:23|115:14|116:24|118:3|119:3|120:54|121:27|122:4|123:6|124:5|126:6|127:10|128:50|129:13|130:1|131:88|132:93|133:66|134:21|135:11|136:20|137:33|138:2|139:108|140:6|141:4|143:90|144:17|145:25|146:82|147:35|148:31|149:8|150:1|151:2|152:6|153:6|154:10|155:1|156:2|157:10|158:5|159:39|160:39|161:29|162:14|163:8|164:5|165:14|166:11|167:9|168:1|169:4|170:19|171:11|172:43|173:12|175:20|176:11|177:5|178:2|179:6|180:9|181:17|182:19|183:11|185:70|186:12|187:21|188:27|189:7|190:3
109,karin-domyoji,2670,1343,773,906,479_577_486_578_550,9:224|10:228|13:204|15:297|26:168|30:361|31:94|37:394|43:160|44:264|50:154|56:235|57:237|59:292|63:130|71:174|86:211|87:177|93:233|99:97|102:610|110:237|111:303|119:103|121:227|122:257|128:204|132:502|133:263|134:197|137:448|140:178|146:246|151:102|152:295|154:208|161:251|164:128|165:161|166:166|171:274|175:206|178:145|181:250|182:268|187:208|188:270,1:1|2:1|3:25|4:1|5:11|7:1|8:13|9:9|10:7|11:6|12:10|13:2|14:1|15:10|16:22|17:5|18:3|19:10|20:10|21:15|22:1|23:2|24:3|25:1|26:2|27:1|28:1|29:3|30:7|31:1|32:25|34:6|35:5|36:7|37:33|38:3|39:20|40:5|41:8|42:32|43:3|44:20|46:1|47:15|48:8|49:3|50:7|52:2|53:5|54:4|55:7|56:7|57:3|58:6|59:20|61:3|62:9|63:6|64:16|65:46|66:5|68:11|69:2|70:1|71:1|72:2|73:22|74:29|75:14|76:8|77:20|78:6|80:17|81:17|83:36|84:23|85:3|86:10|87:5|88:29|89:8|90:20|92:1|93:9|94:5|95:1|96:3|97:1|98:15|99:1|100:34|101:12|102:120|103:13|104:25|105:3|106:28|107:1|108:11|109:84|110:6|111:11|112:10|113:3|114:7|115:9|116:12|117:1|118:3|119:3|120:21|121:17|122:8|123:3|124:4|126:16|127:7|128:23|129:8|130:1|131:36|132:40|133:14|134:12|135:5|136:9|137:29|139:36|140:3|142:1|143:32|144:9|145:8|146:15|147:26|148:9|149:11|150:1|151:2|152:4|153:3|154:4|155:2|157:6|158:4|159:22|160:21|161:22|162:5|163:2|164:2|165:5|166:8|167:3|168:1|169:1|170:9|171:9|172:18|173:6|175:13|176:4|177:1|178:1|179:2|180:11|181:8|182:16|183:3|184:1|185:41|186:9|187:18|188:11|189:23|190:3
110,airi-totoki,2811,1457,892,1031,549_515_535_629_583,9:264|10:293|13:128|15:315|26:118|30:379|31:111|37:434|43:214|44:335|50:177|56:235|57:221|59:304|63:131|71:151|86:332|87:200|93:258|99:126|102:542|109:237|111:313|119:95|121:250|122:167|128:263|132:527|133:268|134:207|137:307|140:231|146:255|151:126|152:349|154:200|161:400|164:151|165:171|166:146|171:217|175:234|178:109|181:247|182:345|187:177|188:274,3:32|4:5|5:9|7:1|8:8|9:5|10:12|11:4|12:2|13:2|15:11|16:28|17:2|18:2|19:21|20:12|21:21|22:1|24:3|26:1|27:1|28:1|29:13|30:9|31:1|32:25|34:4|35:6|36:5|37:43|38:13|39:27|40:6|41:5|42:34|43:6|44:17|47:23|48:7|49:2|50:6|53:11|54:1|55:5|56:3|57:2|58:6|59:22|60:2|61:3|62:13|63:3|64:12|65:31|66:4|68:13|69:8|70:1|71:6|72:3|73:31|74:28|75:6|76:4|77:15|78:8|79:2|80:13|81:11|83:40|84:26|85:4|86:29|88:15|89:10|90:12|92:3|93:8|94:4|95:1|96:2|98:23|99:3|100:19|101:6|102:67|103:6|104:19|105:1|106:18|108:15|109:11|110:82|111:6|112:8|113:3|114:7|115:4|116:12|118:1|119:3|120:32|121:13|122:3|123:4|124:4|125:1|126:2|127:4|128:31|129:7|130:1|131:33|132:37|133:12|134:11|135:13|136:11|137:14|138:2|139:22|140:6|141:2|142:1|143:38|144:13|145:8|146:17|147:16|148:13|149:4|151:1|152:5|153:3|154:4|156:1|157:10|158:3|159:20|160:27|161:40|162:7|163:2|164:2|165:5|166:5|167:2|169:3|170:8|171:6|172:18|173:9|175:10|176:3|177:3|179:2|180:3|181:7|182:14|183:8|185:22|186:8|187:11|188:14|189:3|190:2
111,hasumi-nagatomi,6785,3160,1962,2416,1417_1248_1334_1469_1317,9:323|10:369|13:638|15:751|26:341|30:937|31:290|37:414|43:344|44:331|50:380|56:749|57:687|59:455|63:256|71:572|86:391|87:253|93:474|99:329|102:544|109:303|110:313|119:301|121:399|122:665|128:411|132:707|133:327|134:243|137:1077|140:281|146:319|151:489|152:1157|154:332|161:363|164:260|165:246|166:331|171:516|175:404|178:310|181:395|182:578|187:381|188:568,1:3|2:1|3:35|4:9|5:15|7:5|8:31|9:11|10:23|11:14|12:16|13:14|14:1|15:14|16:32|17:8|18:3|19:61|20:29|21:24|22:4|23:7|24:8|25:11|26:7|27:7|28:3|29:11|30:17|31:3|32:37|33:2|34:21|35:25|36:19|37:50|38:18|39:37|40:11|41:20|42:63|43:25|44:26|45:2|46:4|47:34|48:19|49:9|50:32|52:1|53:31|54:11|55:19|56:15|57:10|58:15|59:28|60:5|61:7|62:45|63:19|64:22|65:31|66:7|67:1|68:33|69:20|70:2|71:13|72:3|73:45|74:90|75:25|76:16|77:32|78:23|80:18|81:25|83:62|84:43|85:12|86:19|87:6|88:41|89:29|90:27|91:4|92:3|93:24|94:38|95:4|96:10|97:4|98:42|99:6|100:30|101:29|102:55|103:17|104:40|105:13|106:33|107:4|108:22|109:25|110:18|111:111|112:20|113:19|114:20|115:16|116:35|117:7|118:2|119:8|120:28|121:32|122:14|123:8|124:14|126:8|127:12|128:61|129:6|130:7|131:52|132:55|133:24|134:11|135:14|136:46|137:34|138:15|139:57|140:18|141:15|142:4|143:58|144:33|145:14|146:35|147:34|148:26|149:48|150:8|151:14|152:9|153:9|154:16|155:1|156:7|157:12|158:10|159:31|160:30|161:31|162:21|163:9|164:13|165:26|166:34|167:5|168:3|169:4|170:25|171:8|172:55|173:46|174:8|175:27|176:7|177:6|178:2|179:10|180:10|181:26|182:43|183:22|184:9|185:35|186:40|187:36|188:16|189:17|190:13
119,kai-nishijima,1342,704,338,391,223_203_259_336_321,9:93|10:105|13:211|15:212|26:167|30:243|31:160|37:92|43:122|44:104|50:154|56:221|57:188|59:137|63:116|71:202|86:124|87:104|93:137|99:189|102:125|109:103|110:95|111:301|121:133|122:213|128:128|132:161|133:137|134:118|137:273|140:89|146:140|151:177|152:325|154:121|161:100|164:129|165:87|166:124|171:184|175:129|178:156|181:95|182:153|187:117|188:249,1:3|2:1|3:6|4:6|5:3|7:2|8:2|9:3|10:4|11:3|12:5|13:2|15:6|16:3|17:2|18:2|19:8|20:5|21:6|23:1|24:3|25:2|26:1|27:1|28:2|29:4|30:7|32:11|34:6|35:8|36:3|37:4|39:12|40:3|41:10|42:15|43:5|44:8|45:1|46:7|47:5|48:3|49:8|50:16|51:1|52:1|53:4|54:3|55:1|56:2|58:2|59:7|60:2|62:4|63:5|64:7|65:3|66:1|67:1|68:4|69:4|70:2|71:2|73:6|74:8|75:1|76:2|77:3|78:5|80:4|81:7|83:14|84:7|85:2|86:8|87:3|88:8|89:2|90:6|92:1|93:6|94:10|95:2|96:6|98:6|100:4|101:5|102:5|103:10|104:3|105:2|106:5|107:1|108:6|109:3|110:2|111:21|112:5|113:9|114:3|115:2|116:10|117:4|118:1|119:13|120:5|121:10|122:4|123:1|124:5|125:1|126:4|127:5|128:19|129:4|131:11|132:12|133:8|134:9|135:4|136:11|137:9|138:3|139:10|140:3|141:2|143:8|144:5|146:15|147:5|148:5|149:4|150:3|151:5|152:6|153:2|154:4|156:3|157:7|158:2|159:3|160:11|161:5|162:4|163:3|164:12|165:5|166:3|167:1|168:1|169:1|170:3|171:2|172:6|173:9|174:3|175:8|179:4|180:7|181:2|182:10|183:3|184:6|185:9|186:7|187:9|188:7|189:1|190:9
121,asuka-ninomiya,4471,2429,1683,1940,1004_1051_868_834_714,9:549|10:313|13:192|15:408|26:113|30:502|31:100|37:374|43:258|44:1016|50:380|56:296|57:220|59:700|63:204|71:245|86:512|87:261|93:828|99:158|102:384|109:227|110:250|111:399|119:133|122:224|128:700|132:807|133:245|134:249|137:381|140:378|146:240|151:130|152:462|154:355|161:269|164:245|165:179|166:279|171:186|175:441|178:134|181:323|182:656|187:210|188:196,1:1|3:20|4:2|5:8|7:3|8:15|9:23|10:7|11:2|12:10|13:3|14:1|15:9|16:11|17:5|18:2|19:94|20:26|21:9|23:3|24:2|25:2|26:1|27:3|29:8|30:15|31:1|32:35|34:4|35:5|36:2|37:31|38:6|39:18|40:7|41:6|42:43|43:5|44:136|46:4|47:15|48:9|49:4|50:25|51:1|52:1|53:16|54:1|55:2|56:6|57:3|58:9|59:51|60:1|61:2|62:31|63:10|64:7|65:18|66:10|68:7|69:15|70:1|71:4|72:3|73:33|74:49|75:9|76:4|77:21|78:13|80:7|81:18|82:2|83:64|84:14|85:6|86:34|87:5|88:18|89:35|90:48|91:1|92:4|93:42|94:12|95:3|96:3|98:58|99:5|100:21|101:28|102:25|103:28|104:29|105:3|106:15|107:1|108:15|109:12|110:4|111:13|112:10|113:7|115:6|116:32|117:1|118:2|119:4|120:26|121:231|122:4|123:5|124:5|126:5|127:38|128:101|129:7|130:5|131:48|132:52|133:8|134:9|135:6|136:28|137:15|138:6|139:31|140:15|141:2|142:2|143:57|144:34|145:12|146:16|147:25|148:15|149:4|150:4|151:1|152:3|154:14|155:1|156:2|157:9|159:14|160:19|161:14|162:24|163:6|164:11|165:7|166:26|167:5|169:1|170:6|171:2|172:38|173:14|174:1|175:30|176:2|177:8|178:1|179:9|180:11|181:22|182:42|183:10|184:3|185:21|186:14|187:18|188:6|189:3|190:7
122,hitomi-niwa,3073,1564,842,1016,432_458_617_722_844,9:182|10:202|13:342|15:423|26:242|30:553|31:186|37:243|43:193|44:200|50:200|56:412|57:378|59:251|63:190|71:384|86:216|87:156|93:259|99:223|102:273|109:257|110:167|111:665|119:213|121:224|128:212|132:383|133:200|134:174|137:639|140:179|146:196|151:241|152:684|154:232|161:184|164:167|165:166|166:222|171:425|175:223|178:261|181:225|182:313|187:201|188:362,1:2|3:13|4:4|5:15|7:3|8:19|9:6|10:13|11:13|12:13|13:2|14:2|15:8|16:21|17:8|18:1|19:25|20:16|21:13|22:1|23:4|24:4|25:5|26:2|27:6|28:2|29:4|30:11|31:1|32:13|33:2|34:12|35:15|36:6|37:24|38:6|39:23|40:8|41:12|42:44|43:5|44:13|45:1|46:4|47:22|48:19|49:5|50:12|51:1|53:19|54:1|55:8|56:7|57:4|58:10|59:20|61:6|62:19|63:9|64:18|65:14|66:4|67:1|68:9|69:11|70:2|71:9|72:1|73:21|74:28|75:15|76:11|77:22|78:14|79:2|80:7|81:11|83:34|84:19|85:12|86:12|87:4|88:21|89:16|90:14|91:2|92:4|93:7|94:25|95:2|96:5|98:20|99:2|100:17|101:8|102:24|103:9|104:23|105:6|106:18|107:3|108:7|109:16|110:5|111:32|112:14|113:14|114:8|115:7|116:27|117:4|118:3|119:5|120:8|121:15|122:19|123:6|124:6|125:2|126:18|127:10|128:32|129:10|130:4|131:33|132:30|133:19|134:11|135:8|136:20|137:17|138:6|139:39|140:10|141:3|142:5|143:26|144:28|145:8|146:17|147:23|148:13|149:21|150:4|151:3|152:5|153:2|154:8|155:2|156:5|157:11|158:12|159:14|160:24|161:14|162:12|163:6|164:6|165:13|166:17|167:5|169:1|170:10|171:8|172:33|173:15|174:4|175:15|176:6|177:5|178:1|179:10|180:4|181:13|182:24|183:14|184:6|185:27|186:21|187:23|188:12|189:23|190:8
128,kanade-hayami,5093,2328,1556,1864,1707_1084_863_795_644,9:673|10:268|13:147|15:381|26:134|30:524|31:110|37:335|43:413|44:603|50:372|56:311|57:255|59:651|63:140|71:215|86:740|87:270|93:604|99:188|102:459|109:204|110:263|111:411|119:128|121:700|122:212|132:737|133:250|134:231|137:391|140:270|146:263|151:140|152:606|154:272|161:247|164:251|165:130|166:230|171:212|175:539|178:114|181:268|182:546|187:187|188:228,1:3|3:35|4:2|5:7|8:18|9:26|10:9|11:10|12:7|13:2|15:8|16:22|17:3|18:2|19:62|20:14|21:9|22:1|23:2|24:2|25:1|26:1|27:3|29:6|30:18|32:47|33:1|34:3|35:8|36:5|37:16|38:18|39:27|40:6|41:6|42:57|43:14|44:41|45:1|46:1|47:12|48:9|49:5|50:23|52:1|53:26|55:3|56:5|57:1|58:12|59:54|60:1|61:1|62:17|63:2|64:12|65:16|66:11|68:14|69:9|71:4|72:3|73:56|74:52|75:14|76:3|77:12|78:18|79:1|80:6|81:41|83:82|84:26|85:1|86:58|87:7|88:19|89:17|90:46|91:1|93:20|94:9|95:1|96:5|97:2|98:131|99:4|100:36|101:23|102:35|103:15|104:21|105:5|106:23|107:3|108:14|109:5|110:8|111:12|112:10|113:4|114:3|115:5|116:15|117:1|118:4|119:2|120:73|121:54|122:1|123:2|124:5|126:3|127:13|128:311|129:7|130:4|131:41|132:47|133:11|134:7|135:9|136:28|137:16|138:7|139:30|140:14|141:8|142:2|143:81|144:19|145:9|146:19|147:18|148:23|149:10|150:3|152:8|153:3|154:10|156:1|157:18|158:2|159:12|160:36|161:15|162:38|163:2|164:11|165:5|166:8|167:3|168:1|169:1|170:9|171:2|172:21|173:14|175:38|176:1|177:4|179:6|180:4|181:12|182:25|183:6|184:6|185:22|186:10|187:15|188:8|189:1|190:9
132,hayate-hisakawa,8530,4375,3186,3666,1970_1873_1714_1568_1405,9:625|10:518|13:289|15:831|26:186|30:1158|31:127|37:999|43:328|44:910|50:351|56:476|57:521|59:1048|63:239|71:385|86:793|87:499|93:1183|99:148|102:1118|109:502|110:527|111:707|119:161|121:807|122:383|128:737|133:415|134:337|137:806|140:621|146:462|151:175|152:730|154:654|161:532|164:210|165:350|166:314|171:475|175:549|178:210|181:741|182:1195|187:457|188:516,1:1|2:1|3:65|4:1|5:37|7:2|8:39|9:28|10:22|11:15|12:12|13:5|14:3|15:23|16:84|17:3|18:4|19:73|20:32|21:27|22:2|23:5|24:8|25:2|26:4|27:3|28:3|29:11|30:34|31:1|32:98|33:5|34:8|35:9|36:15|37:121|38:19|39:98|40:16|41:8|42:95|43:8|44:81|45:1|46:1|47:44|48:23|49:2|50:12|52:2|53:41|54:4|55:6|56:6|57:7|58:7|59:77|60:3|61:4|62:43|63:13|64:36|65:87|66:12|68:19|69:11|70:3|71:9|72:2|73:76|74:93|75:49|76:22|77:51|78:30|79:2|80:27|81:32|83:120|84:69|85:5|86:73|87:30|88:45|89:41|90:60|91:2|92:3|93:42|94:20|95:2|96:4|98:88|99:3|100:58|101:30|102:133|103:31|104:98|105:5|106:93|107:7|108:21|109:17|110:32|111:32|112:20|113:13|114:10|115:15|116:29|117:1|118:4|119:2|120:72|121:74|122:6|123:7|124:4|126:6|127:40|128:95|129:9|130:1|131:286|132:306|133:27|134:29|135:20|136:41|137:31|138:5|139:88|140:38|141:5|143:135|144:37|145:16|146:37|147:61|148:45|149:20|150:1|151:4|152:6|153:3|154:34|155:5|156:5|157:16|158:9|159:39|160:60|161:42|162:36|163:12|164:8|165:29|166:20|167:11|169:6|170:36|171:12|172:71|173:26|174:1|175:32|176:4|177:9|178:2|179:15|180:15|181:46|182:54|183:17|184:2|185:96|186:23|187:51|188:16|189:11|190:8
133,akane-hino,2731,1426,846,1002,469_560_756_481_465,9:251|10:270|13:169|15:252|26:130|30:302|31:104|37:285|43:224|44:246|50:242|56:256|57:189|59:254|63:171|71:186|86:289|87:221|93:294|99:121|102:681|109:263|110:268|111:327|119:137|121:245|122:200|128:250|132:415|134:376|137:348|140:205|146:530|151:115|152:323|154:200|161:231|164:181|165:158|166:194|171:173|175:197|178:124|181:207|182:336|187:218|188:396,1:1|2:1|3:24|4:3|5:8|6:1|8:14|9:9|10:13|11:7|12:6|13:3|15:8|16:17|17:4|18:4|19:9|20:13|21:11|23:2|24:4|25:1|26:1|27:1|29:6|30:2|31:1|32:21|34:3|35:16|36:6|37:16|38:4|39:23|40:6|41:4|42:45|43:4|44:8|46:3|47:13|48:4|49:4|50:11|53:5|54:5|55:5|56:2|57:2|58:7|59:18|61:3|62:17|63:5|64:8|65:24|66:6|68:8|69:7|70:2|71:3|72:2|73:27|74:23|75:7|76:3|77:12|78:7|79:1|80:11|81:9|83:32|84:19|85:5|86:12|87:6|88:22|89:17|90:12|91:2|93:8|94:10|96:3|97:1|98:14|99:3|100:13|101:11|102:99|103:11|104:16|105:1|106:15|108:15|109:12|110:10|111:10|112:9|113:5|114:11|115:4|116:15|117:3|118:2|119:4|120:14|121:12|122:5|123:6|124:2|126:6|127:6|128:26|129:8|131:32|132:30|133:100|134:35|135:3|136:10|137:15|138:5|139:32|140:6|141:1|142:2|143:20|144:18|145:28|146:73|147:19|148:7|149:7|150:3|151:1|152:3|153:1|154:3|155:1|156:3|157:4|158:3|159:9|160:21|161:8|162:8|163:4|164:9|165:6|166:8|167:1|169:1|170:4|171:4|172:26|173:28|174:1|175:10|176:5|177:3|178:2|179:6|180:5|181:8|182:11|183:10|184:1|185:14|186:17|187:15|188:40|189:5|190:1
134,yuki-himekawa,2104,1086,613,720,350_412_400_469_473,9:210|10:210|13:142|15:190|26:104|30:261|31:100|37:233|43:224|44:223|50:195|56:177|57:163|59:238|63:136|71:162|86:263|87:183|93:255|99:117|102:359|109:197|110:207|111:243|119:118|121:249|122:174|128:231|132:337|133:376|137:248|140:165|146:267|151:99|152:302|154:189|161:212|164:180|165:128|166:201|171:167|175:197|178:97|181:171|182:274|187:185|188:352,2:1|3:14|4:2|5:9|8:8|9:10|10:10|11:4|12:7|13:3|15:6|16:17|17:4|18:4|19:13|20:8|21:9|22:1|23:1|24:2|29:5|30:7|32:17|33:1|34:7|35:9|36:3|37:17|38:3|39:16|40:9|41:2|42:31|43:4|44:8|46:2|47:11|48:4|49:2|50:10|52:3|53:9|54:3|55:4|56:5|58:4|59:16|60:1|62:18|63:5|64:9|65:19|66:8|67:1|68:10|69:6|70:2|71:2|72:1|73:15|74:14|75:4|76:4|77:12|78:7|80:8|81:10|83:31|84:10|85:1|86:20|87:8|88:15|89:14|90:8|93:4|94:5|95:1|96:1|97:1|98:23|99:2|100:17|101:7|102:32|103:15|104:8|106:13|107:1|108:10|109:5|110:7|111:11|112:9|113:4|114:4|115:3|116:12|117:4|118:2|119:2|120:13|121:12|122:5|123:6|124:2|126:3|127:8|128:25|129:9|130:3|131:21|132:21|133:44|134:78|135:3|136:14|137:10|138:1|139:25|140:4|141:1|143:18|144:10|145:12|146:19|147:8|148:5|149:6|150:1|151:2|152:2|154:6|155:1|156:3|157:7|158:3|159:7|160:23|161:11|162:3|163:5|164:4|165:5|166:15|170:5|171:3|172:15|173:7|175:11|176:4|177:2|179:9|180:8|181:5|182:11|183:12|185:11|186:4|187:14|188:39|189:4|190:3
137,tomo-fujii,6295,2970,1928,2240,924_1097_1376_1338_1560,9:293|10:326|13:516|15:773|26:333|30:1022|31:238|37:477|43:270|44:360|50:273|56:661|57:611|59:456|63:224|71:464|86:363|87:231|93:475|99:253|102:642|109:448|110:307|111:1077|119:273|121:381|122:639|128:391|132:806|133:348|134:248|140:268|146:296|151:309|152:932|154:342|161:338|164:182|165:252|166:273|171:588|175:398|178:280|181:369|182:531|187:292|188:649,1:3|2:2|3:31|4:3|5:20|7:5|8:34|9:17|10:17|11:19|12:15|13:12|14:3|15:20|16:41|17:11|18:2|19:49|20:23|21:22|22:3|23:10|24:6|25:4|26:3|27:7|28:3|29:5|30:27|31:4|32:37|33:1|34:16|35:16|36:16|37:51|38:13|39:35|40:10|41:21|42:81|43:7|44:32|45:1|46:3|47:37|48:27|49:7|50:21|51:1|52:4|53:17|54:7|55:17|56:6|57:7|58:17|59:29|60:3|61:4|62:19|63:17|64:21|65:36|66:11|68:14|69:10|70:3|71:13|72:6|73:30|74:47|75:26|76:7|77:41|78:18|79:1|80:18|81:18|83:67|84:28|85:6|86:23|87:9|88:72|89:27|90:24|91:4|92:4|93:14|94:35|95:1|96:4|97:1|98:43|99:2|100:52|101:21|102:80|103:19|104:45|105:7|106:34|107:5|108:16|109:38|110:13|111:47|112:23|113:17|114:16|115:18|116:32|117:3|118:1|119:2|120:28|121:33|122:8|123:6|124:8|125:1|126:9|127:17|128:68|129:14|130:6|131:69|132:65|133:29|134:20|135:9|136:28|137:84|138:11|139:78|140:16|141:7|142:2|143:54|144:25|145:36|146:34|147:42|148:32|149:32|150:6|151:6|152:11|153:7|154:13|155:1|156:4|157:14|158:8|159:34|160:36|161:21|162:20|163:11|164:8|165:25|166:21|167:7|168:2|169:2|170:21|171:15|172:56|173:28|174:3|175:26|176:6|177:10|178:4|179:10|180:9|181:23|182:32|183:18|184:7|185:68|186:29|187:31|188:26|189:13|190:9
140,anzu-futaba,2971,1731,1207,1379,744_626_638_511_452,9:282|10:392|13:123|15:356|26:87|30:319|31:89|37:563|43:192|44:454|50:207|56:216|57:203|59:295|63:183|71:171|86:299|87:274|93:415|99:107|102:353|109:178|110:231|111:281|119:89|121:378|122:179|128:270|132:621|133:205|134:165|137:268|146:206|151:92|152:293|154:311|161:390|164:162|165:208|166:162|171:160|175:207|178:155|181:593|182:616|187:276|188:174,3:8|4:1|5:10|6:1|8:17|9:9|10:13|11:3|12:5|13:2|15:10|16:17|17:7|18:2|19:33|20:28|21:12|22:1|23:2|28:1|29:5|30:7|31:2|32:28|34:7|35:5|36:1|37:72|38:6|39:16|40:5|41:4|42:30|43:2|44:22|47:13|48:7|49:2|50:4|51:1|52:1|53:12|54:2|55:1|57:1|58:4|59:18|61:1|62:21|63:8|64:15|65:14|66:3|68:12|69:4|70:1|71:5|72:2|73:15|74:29|75:15|76:5|77:35|78:11|80:14|81:8|83:32|84:18|85:1|86:9|87:6|88:13|89:23|90:20|93:12|94:11|95:1|96:2|97:1|98:26|99:1|100:16|101:7|102:21|103:13|104:28|105:2|106:17|107:2|108:12|109:3|110:13|111:5|112:6|113:8|114:2|115:6|116:15|117:2|118:2|119:1|120:16|121:22|122:4|123:1|126:4|127:11|128:28|129:2|131:60|132:46|133:11|134:5|135:3|136:25|137:10|138:2|139:15|140:102|141:1|143:12|144:18|145:6|146:6|147:24|148:6|149:5|152:2|153:2|154:3|155:3|156:1|157:6|158:5|159:7|160:7|161:25|162:14|163:16|164:5|165:7|166:3|167:4|168:2|169:1|170:9|172:33|173:42|175:5|176:2|177:4|178:1|179:4|180:5|181:68|182:33|183:10|184:2|185:28|186:14|187:22|188:6|189:4|190:1
146,mio-honda,2730,1318,757,913,779_574_523_405_449,9:232|10:247|13:166|15:251|26:136|30:332|31:93|37:312|43:189|44:266|50:232|56:203|57:190|59:317|63:141|71:171|86:319|87:195|93:290|99:112|102:669|109:246|110:255|111:319|119:140|121:240|122:196|128:263|132:462|133:530|134:267|137:296|140:206|151:106|152:357|154:179|161:234|164:150|165:126|166:182|171:193|175:193|178:116|181:197|182:351|187:190|188:281,1:2|2:1|3:27|4:1|5:8|8:10|9:8|10:10|11:9|12:6|13:1|14:1|15:4|16:19|17:5|18:1|19:14|20:8|21:11|22:1|23:1|24:3|25:2|27:1|28:2|29:6|30:7|31:1|32:20|34:3|35:10|36:9|37:23|38:9|39:26|40:7|41:9|42:34|43:6|44:14|46:4|47:12|48:8|49:2|50:11|53:8|54:3|55:6|56:6|57:4|58:7|59:22|61:3|62:11|63:5|64:10|65:27|66:6|68:8|69:5|70:2|71:2|72:1|73:13|74:27|75:4|76:1|77:7|78:3|79:1|80:10|81:14|83:40|84:42|85:1|86:12|87:6|88:14|89:13|90:18|92:1|93:10|94:5|95:1|96:5|97:1|98:16|100:8|101:11|102:92|103:22|104:17|105:3|106:19|107:2|108:14|109:12|110:8|111:17|112:11|113:7|114:8|115:5|116:12|117:1|119:3|120:20|121:15|122:3|123:1|124:1|126:3|127:8|128:26|129:4|130:1|131:27|132:30|133:53|134:15|135:7|136:16|137:11|138:5|139:23|140:5|141:1|143:31|144:14|145:14|146:135|147:16|148:9|149:6|150:2|152:1|153:6|154:1|155:1|157:10|158:3|159:7|160:19|161:12|162:15|163:7|164:5|165:7|166:6|167:3|168:1|169:1|170:4|171:5|172:23|173:10|174:2|175:9|176:10|177:2|178:1|179:6|180:6|181:5|182:15|183:7|185:25|186:8|187:13|188:12|189:3|190:1
151,saya-matsubara,1433,796,396,493,199_327_281_302_324,9:107|10:114|13:222|15:219|26:172|30:245|31:241|37:116|43:147|44:123|50:139|56:230|57:245|59:134|63:119|71:217|86:117|87:120|93:152|99:218|102:112|109:102|110:126|111:489|119:177|121:130|122:241|128:140|132:175|133:115|134:99|137:309|140:92|146:106|152:339|154:122|161:127|164:116|165:111|166:115|171:191|175:140|178:190|181:116|182:156|187:146|188:204,1:2|3:3|4:1|5:6|6:1|7:2|8:4|10:1|11:6|12:8|14:4|15:6|16:6|17:1|18:1|19:13|20:4|21:8|22:1|24:1|25:1|26:1|27:3|28:2|29:1|30:6|31:3|32:6|33:1|34:8|35:11|36:3|37:7|38:5|39:8|40:3|41:2|42:14|43:6|44:5|45:3|46:2|47:6|48:3|49:2|50:13|51:1|53:7|54:2|55:5|57:6|58:7|59:4|60:1|61:1|62:7|63:6|64:3|65:6|66:5|68:4|69:11|70:1|71:2|72:1|73:6|74:25|75:3|76:1|77:6|78:2|79:1|80:2|81:1|83:9|84:6|85:4|86:5|87:1|88:5|89:8|90:4|91:1|93:7|94:8|96:5|98:4|99:4|100:5|101:5|102:6|103:6|104:2|105:3|106:9|108:5|109:4|110:1|111:37|112:6|113:4|114:2|115:1|116:9|117:3|118:1|119:3|120:6|121:7|122:5|123:5|124:9|125:2|126:2|127:8|128:20|129:2|130:5|131:12|132:12|133:7|134:3|135:2|136:6|137:14|138:3|139:8|140:1|141:2|142:2|143:4|144:7|145:3|146:5|147:4|148:3|149:9|150:2|151:18|152:7|153:4|156:1|157:5|158:2|159:4|160:5|161:5|162:4|163:2|165:6|166:4|169:1|170:3|171:5|172:6|173:10|174:4|175:8|176:3|177:4|179:1|180:1|181:6|182:9|183:6|184:7|185:5|186:6|187:6|188:2|189:5|190:4
152,sarina-matsumoto,8295,3546,2371,2888,1555_1599_1637_1727_1777,9:382|10:360|13:434|15:883|26:282|30:1158|31:311|37:378|43:692|44:407|50:428|56:732|57:527|59:612|63:270|71:538|86:550|87:273|93:508|99:553|102:544|109:295|110:349|111:1157|119:325|121:462|122:684|128:606|132:730|133:323|134:302|137:932|140:293|146:357|151:339|154:407|161:323|164:358|165:223|166:349|171:608|175:574|178:283|181:350|182:681|187:358|188:595,1:5|2:3|3:37|4:5|5:27|6:2|7:7|8:22|9:15|10:30|11:20|12:57|13:9|14:5|15:17|16:31|17:14|18:9|19:57|20:29|21:20|22:2|23:7|24:3|25:5|26:5|27:9|28:2|29:18|30:14|31:6|32:57|33:3|34:28|35:17|36:16|37:37|38:25|39:35|40:16|41:76|42:114|43:64|44:40|45:5|46:4|47:34|48:25|49:13|50:47|52:3|53:38|54:10|55:12|56:13|57:7|58:20|59:51|60:3|61:4|62:36|63:21|64:25|65:32|66:15|68:23|69:22|70:5|71:19|72:6|73:55|74:73|75:31|76:40|77:36|78:16|79:2|80:15|81:33|82:1|83:107|84:36|85:8|86:48|87:9|88:34|89:35|90:39|91:4|92:4|93:19|94:38|95:5|96:5|97:4|98:104|99:10|100:38|101:31|102:41|103:34|104:55|105:11|106:28|107:5|108:19|109:14|110:21|111:37|112:20|113:23|114:8|115:9|116:52|117:7|118:2|119:5|120:50|121:45|122:8|123:12|124:11|125:2|126:9|127:16|128:104|129:13|130:11|131:64|132:65|133:26|134:24|135:19|136:46|137:28|138:18|139:54|140:20|141:8|142:6|143:73|144:49|145:17|146:51|147:36|148:30|149:33|150:11|151:11|152:38|153:9|154:21|155:1|156:4|157:40|158:15|159:34|160:64|161:23|162:19|163:9|164:24|165:25|166:29|167:6|168:4|169:6|170:16|171:15|172:51|173:43|174:6|175:54|176:3|177:13|178:3|179:14|180:21|181:30|182:33|183:18|184:6|185:32|186:34|187:43|188:12|189:12|190:22
154,risa-matoba,3083,1717,1110,1269,556_553_646_690_638,9:237|10:246|13:174|15:306|26:107|30:401|31:101|37:348|43:181|44:320|50:211|56:253|57:228|59:386|63:333|71:239|86:348|87:421|93:406|99:114|102:317|109:208|110:200|111:332|119:121|121:355|122:232|128:272|132:654|133:200|134:189|137:342|140:311|146:179|151:122|152:407|161:229|164:182|165:224|166:247|171:213|175:219|178:169|181:566|182:406|187:482|188:234,3:10|4:1|5:31|6:1|7:1|8:16|9:8|10:11|11:4|12:9|13:4|15:10|16:17|17:9|18:2|19:28|20:32|21:8|22:1|23:1|24:3|26:2|27:1|28:1|29:4|30:12|31:2|32:27|34:8|35:6|36:3|37:23|38:4|39:19|40:5|41:7|42:28|43:5|44:26|46:3|47:14|48:4|49:4|50:14|52:1|53:12|54:4|55:4|56:4|57:2|58:5|59:36|61:15|62:20|63:19|64:9|65:17|66:4|68:11|69:11|70:2|71:5|72:4|73:16|74:25|75:52|76:24|77:51|78:12|80:8|81:3|83:40|84:16|85:4|86:27|87:33|88:15|89:22|90:25|91:1|92:1|93:23|94:5|95:1|96:2|98:19|99:1|100:23|101:8|102:24|103:18|104:84|105:1|106:20|108:10|109:6|110:6|111:12|112:6|113:6|114:2|115:5|116:13|117:1|118:2|119:1|120:21|121:37|122:2|123:1|124:2|126:7|127:20|128:26|129:5|131:46|132:46|133:7|134:10|135:8|136:21|137:17|138:4|139:18|140:15|141:3|142:1|143:21|144:20|145:9|146:8|147:28|148:14|149:11|150:1|151:2|152:2|153:2|154:82|155:3|157:6|158:2|159:12|160:19|161:12|162:10|163:7|164:10|165:14|166:17|167:2|168:5|169:1|170:8|171:1|172:20|173:18|175:13|176:2|177:2|178:3|179:3|180:34|181:47|182:23|183:14|185:30|186:8|187:55|188:5|189:4|190:2
161,kanako-mimura,3032,1507,895,1062,650_611_644_540_587,9:259|10:327|13:165|15:293|26:114|30:379|31:105|37:600|43:216|44:294|50:193|56:233|57:234|59:258|63:141|71:198|86:305|87:228|93:271|99:105|102:488|109:251|110:400|111:363|119:100|121:269|122:184|128:247|132:532|133:231|134:212|137:338|140:390|146:234|151:127|152:323|154:229|164:166|165:198|166:177|171:209|175:243|178:156|181:321|182:369|187:223|188:256,1:1|3:19|4:2|5:6|8:13|9:7|10:14|11:2|12:8|13:1|14:2|15:8|16:24|17:5|19:15|20:10|21:27|22:1|23:3|24:1|27:1|28:3|29:12|30:18|31:3|32:23|33:2|34:5|35:8|36:1|37:90|38:9|39:20|40:8|41:8|42:34|43:3|44:11|46:1|47:15|48:13|50:4|52:2|53:11|54:2|55:4|56:3|57:4|58:5|59:17|61:2|62:21|63:5|64:7|65:35|66:3|67:1|68:7|69:3|70:2|71:6|72:3|73:13|74:26|75:7|76:5|77:21|78:9|79:1|80:14|81:14|83:28|84:25|85:5|86:12|87:6|88:17|89:12|90:13|92:1|93:4|94:5|96:2|97:1|98:15|99:3|100:18|101:7|102:40|103:15|104:20|105:2|106:13|107:3|108:10|109:13|110:24|111:20|112:10|113:7|114:2|115:8|116:19|117:1|118:2|119:2|120:31|121:17|122:4|123:6|124:1|125:1|126:2|127:11|128:26|129:10|130:4|131:33|132:34|133:11|134:9|135:5|136:9|137:18|138:4|139:28|140:23|143:23|144:14|145:7|146:17|147:22|148:12|149:6|150:2|151:3|152:5|153:3|154:5|155:1|156:1|157:5|158:4|159:14|160:19|161:121|162:7|163:4|165:7|166:4|167:5|168:1|169:2|170:6|171:3|172:16|173:19|174:2|175:9|176:5|177:5|178:3|179:3|180:2|181:23|182:15|183:11|185:24|186:11|187:23|188:11|189:6|190:2
164,takumi-mukai,1713,942,554,646,385_331_314_354_329,9:171|10:189|13:139|15:192|26:91|30:205|31:101|37:150|43:232|44:209|50:394|56:164|57:146|59:211|63:172|71:164|86:245|87:154|93:236|99:187|102:166|109:128|110:151|111:260|119:129|121:245|122:167|128:251|132:210|133:181|134:180|137:182|140:162|146:150|151:116|152:358|154:182|161:166|165:130|166:241|171:129|175:226|178:99|181:159|182:296|187:177|188:147,1:1|2:1|3:4|4:1|5:3|6:1|8:3|9:9|10:4|11:1|12:6|14:1|15:9|16:5|17:4|18:3|19:5|20:7|21:4|22:1|23:2|25:1|28:1|29:7|30:3|31:1|32:12|33:1|34:3|35:13|36:1|37:9|38:2|39:9|40:8|41:6|42:22|43:7|44:12|45:1|46:2|47:7|48:3|49:5|50:48|51:1|53:11|54:2|56:4|58:3|59:13|61:1|62:10|63:15|64:5|65:6|66:7|68:3|69:14|71:4|72:2|73:4|74:13|75:5|76:2|77:6|78:7|79:1|80:4|81:6|82:1|83:22|84:8|85:3|86:13|87:3|88:5|89:17|90:10|91:1|93:7|94:3|96:4|97:1|98:18|99:3|100:5|101:11|102:6|103:16|104:10|105:1|106:7|108:9|109:2|110:5|111:8|112:1|113:8|115:2|116:14|117:2|118:2|119:1|120:8|121:9|122:3|123:4|124:3|126:7|127:6|128:34|129:5|130:2|131:4|132:6|133:8|134:9|135:7|136:14|137:4|138:15|139:10|140:3|141:2|142:3|143:7|144:25|145:6|146:10|147:7|148:3|149:5|150:7|151:1|152:3|153:5|154:4|155:1|157:7|158:3|159:2|160:9|161:7|162:4|163:5|164:63|165:10|166:12|167:2|168:1|170:2|171:2|172:19|173:11|174:1|175:15|177:3|178:1|179:15|180:7|181:5|182:14|183:4|184:3|185:5|186:7|187:10|188:2|189:3|190:5
165,atsumi-munakata,1676,902,549,626,415_284_279_302_396,9:150|10:199|13:141|15:224|26:104|30:232|31:95|37:229|43:127|44:175|50:124|56:177|57:154|59:176|63:191|71:172|86:145|87:160|93:228|99:106|102:200|109:161|110:171|111:246|119:87|121:179|122:166|128:130|132:350|133:158|134:128|137:252|140:208|146:126|151:111|152:223|154:224|161:198|164:130|166:130|171:156|175:154|178:154|181:248|182:291|187:212|188:153,2:1|3:3|4:2|5:10|8:24|9:5|10:10|11:4|12:3|13:3|15:6|16:12|17:4|19:11|20:17|21:5|23:4|24:1|25:1|28:2|29:6|30:6|31:1|32:8|34:12|35:10|36:1|37:16|38:1|39:9|40:3|41:1|42:18|43:1|44:8|46:1|47:28|48:6|49:1|50:4|51:1|52:1|53:7|54:3|55:6|56:2|57:2|58:2|59:11|61:1|62:14|63:10|64:4|65:12|66:2|68:3|69:6|70:1|71:4|72:1|73:7|74:19|75:11|76:5|77:12|78:6|80:9|81:3|83:16|84:8|85:5|86:4|87:3|88:11|89:11|90:9|91:1|93:7|94:10|96:1|98:5|99:2|100:9|101:5|102:16|103:7|104:14|105:1|106:7|108:4|109:5|110:4|111:7|112:4|113:4|114:1|115:7|116:7|117:1|119:3|120:5|121:9|122:5|123:1|124:1|126:2|127:7|128:15|129:3|130:1|131:31|132:29|133:7|134:6|135:3|136:13|137:11|138:9|139:13|140:8|142:1|143:11|144:5|145:7|146:5|147:15|148:4|149:13|150:2|151:2|152:4|154:3|155:3|157:4|158:2|159:7|160:6|161:18|162:4|163:5|164:5|165:78|166:5|170:2|171:3|172:22|173:6|175:6|176:4|177:8|178:2|179:3|180:4|181:10|182:20|183:6|184:1|185:17|186:12|187:26|188:6|189:4|190:1
166,tomoe-murakami,2039,1079,630,727,363_344_435_402_495,9:192|10:175|13:167|15:194|26:118|30:280|31:91|37:180|43:296|44:203|50:256|56:200|57:180|59:239|63:190|71:186|86:227|87:160|93:300|99:132|102:238|109:166|110:146|111:331|119:124|121:279|122:222|128:230|132:314|133:194|134:201|137:273|140:162|146:182|151:115|152:349|154:247|161:177|164:241|165:130|171:159|175:211|178:115|181:185|182:308|187:190|188:192,2:1|3:9|4:2|5:3|7:1|8:7|9:10|10:3|11:2|12:6|13:2|14:1|15:8|16:6|17:4|18:1|19:15|20:7|21:8|22:1|23:2|24:2|26:1|27:1|29:5|30:9|32:6|34:2|35:8|36:4|37:16|38:4|39:17|40:3|41:6|42:31|43:19|44:9|46:2|47:10|48:3|49:3|50:12|52:1|53:8|54:5|55:4|56:3|57:2|58:2|59:16|60:1|61:3|62:13|63:15|64:7|65:12|66:3|68:9|69:8|70:1|71:4|73:12|74:16|75:8|76:1|77:8|78:2|80:5|81:4|83:26|84:8|85:2|86:14|87:9|88:8|89:16|90:16|93:7|94:14|96:3|98:18|99:3|100:7|101:7|102:15|103:10|104:19|105:1|106:12|107:1|108:11|109:8|110:4|111:26|112:5|113:4|114:2|115:5|116:12|117:5|119:1|120:15|121:24|122:3|123:1|124:3|125:1|126:4|127:7|128:33|129:4|131:21|132:21|133:7|134:19|135:1|136:21|137:8|138:3|139:27|140:7|141:2|142:1|143:15|144:13|145:6|146:9|147:4|148:8|149:7|150:4|151:2|152:3|153:3|154:9|155:1|156:2|157:4|158:1|159:1|160:12|161:5|162:11|163:2|164:18|165:4|166:72|167:2|168:1|169:1|170:4|171:3|172:13|173:10|175:6|176:1|177:3|179:6|180:9|181:2|182:17|183:8|184:2|185:8|186:9|187:7|188:8|189:5|190:7
171,azuki-momoi,3220,1609,972,1127,481_555_710_677_797,9:199|10:197|13:323|15:413|26:235|30:615|31:175|37:258|43:179|44:204|50:150|56:402|57:424|59:275|63:153|71:332|86:218|87:133|93:241|99:177|102:381|109:274|110:217|111:516|119:184|121:186|122:425|128:212|132:475|133:173|134:167|137:588|140:160|146:193|151:191|152:608|154:213|161:209|164:129|165:156|166:159|175:224|178:238|181:205|182:259|187:197|188:437,1:1|2:2|3:26|4:2|5:9|7:1|8:10|9:5|10:17|11:34|12:11|13:5|14:3|15:11|16:32|17:4|18:4|19:17|20:15|21:13|23:2|24:6|25:2|26:1|27:3|29:6|30:19|31:2|32:18|33:2|34:10|35:12|36:12|37:32|38:6|39:29|40:8|41:12|42:43|43:8|44:10|45:1|46:1|47:34|48:42|49:3|50:10|53:10|54:4|55:29|56:4|57:5|58:6|59:21|61:2|62:20|63:9|64:24|65:30|66:5|67:1|68:11|69:7|70:1|71:9|72:3|73:25|74:24|75:16|76:10|77:21|78:8|79:1|80:15|81:10|83:40|84:15|85:7|86:18|87:4|88:26|89:13|90:19|91:1|92:1|93:7|94:21|96:5|97:1|98:29|99:3|100:17|101:13|102:50|103:12|104:24|105:4|106:26|107:3|108:7|109:19|110:19|111:22|112:12|113:8|114:6|115:9|116:21|117:1|118:3|119:2|120:16|121:14|122:9|123:2|124:8|125:1|126:4|127:7|128:43|129:9|130:2|131:43|132:41|133:23|134:13|135:5|136:16|137:19|138:4|139:43|140:13|141:1|142:2|143:42|144:17|145:9|146:20|147:22|148:24|149:16|150:2|151:1|152:11|153:4|154:5|156:2|157:10|158:2|159:23|160:22|161:22|162:4|163:8|164:4|165:17|166:10|167:3|168:1|169:3|170:9|171:35|172:31|173:16|174:2|175:11|176:5|177:5|178:3|179:7|180:7|181:16|182:15|183:10|184:4|185:23|186:5|187:20|188:8|189:9|190:7
175,makino-yagami,4171,1773,1100,1309,1126_864_859_686_636,9:378|10:232|13:187|15:337|26:124|30:695|31:115|37:276|43:354|44:379|50:260|56:313|57:255|59:418|63:160|71:342|86:366|87:202|93:467|99:189|102:348|109:206|110:234|111:404|119:129|121:441|122:223|128:539|132:549|133:197|134:197|137:398|140:207|146:193|151:140|152:574|154:219|161:243|164:226|165:154|166:211|171:224|178:128|181:299|182:416|187:197|188:224,1:2|2:2|3:23|4:2|5:9|7:3|8:25|9:15|10:7|11:6|12:16|13:2|14:1|15:18|16:15|17:6|18:1|19:39|20:8|21:16|22:1|23:1|24:1|25:4|26:4|27:3|28:1|29:5|30:37|31:1|32:34|34:4|35:11|36:4|37:18|38:11|39:29|40:11|41:39|42:46|43:13|44:29|46:1|47:14|48:5|49:4|50:11|53:27|54:1|55:2|56:3|57:1|58:8|59:34|62:11|63:4|64:8|65:10|66:8|68:23|69:8|71:12|72:3|73:35|74:34|75:9|76:6|77:11|78:9|79:1|80:7|81:23|82:1|83:58|84:13|85:4|86:26|87:4|88:22|89:15|90:28|91:4|92:1|93:14|94:6|95:1|96:6|97:3|98:53|99:3|100:23|101:22|102:26|103:14|104:13|105:7|106:26|107:3|108:6|109:6|110:7|111:12|112:11|113:6|114:6|115:4|116:18|118:1|119:1|120:29|121:34|122:3|123:3|124:6|125:1|126:1|127:11|128:80|129:6|130:2|131:39|132:33|133:9|134:9|135:8|136:30|137:17|138:9|139:28|140:9|141:9|142:1|143:33|144:12|145:11|146:14|147:13|148:17|149:9|150:3|151:1|152:11|153:3|154:7|155:2|157:13|158:4|159:17|160:28|161:17|162:14|163:3|164:8|165:6|166:11|167:6|168:1|169:2|170:13|171:3|172:22|173:11|174:1|175:134|176:6|177:6|179:4|180:2|181:16|182:20|183:3|184:3|185:14|186:13|187:18|188:5|189:5|190:9
178,miyuki-yanase,1472,789,391,456,187_261_267_383_374,9:116|10:149|13:225|15:223|26:185|30:270|31:174|37:198|43:111|44:129|50:105|56:257|57:258|59:130|63:141|71:225|86:112|87:125|93:135|99:162|102:171|109:145|110:109|111:310|119:156|121:134|122:261|128:114|132:210|133:124|134:97|137:280|140:155|146:116|151:190|152:283|154:169|161:156|164:99|165:154|166:115|171:238|175:128|181:243|182:154|187:248|188:230,3:4|4:3|5:14|7:1|8:9|9:5|10:4|11:4|12:4|14:3|15:6|16:10|17:7|18:1|19:3|20:13|21:16|23:1|24:1|27:1|28:1|30:6|31:2|32:2|34:9|35:10|36:5|37:23|38:7|39:5|40:3|41:3|42:19|43:2|44:3|46:2|47:8|48:7|49:3|50:4|52:1|53:4|54:6|55:7|56:2|58:8|59:4|61:7|62:13|63:3|64:3|65:6|66:1|68:4|69:2|71:3|72:2|73:6|74:10|75:8|76:11|77:26|78:3|80:2|81:4|83:11|84:4|85:7|86:4|88:13|89:3|90:7|93:3|94:4|96:4|98:4|99:1|100:5|101:6|102:14|103:7|104:9|105:3|106:8|108:2|109:10|110:1|111:14|112:4|113:10|114:3|115:7|116:11|117:1|119:1|120:8|121:6|122:6|123:5|124:4|125:1|126:2|127:7|128:15|129:2|130:1|131:11|132:10|133:10|134:3|135:2|136:4|137:7|138:5|139:11|140:8|142:1|143:5|144:7|145:2|146:5|147:13|148:4|149:8|150:2|151:1|152:4|154:5|155:2|156:1|157:3|158:8|159:4|160:5|161:18|162:2|163:11|164:3|165:15|166:4|167:1|168:2|169:5|170:7|171:1|172:13|173:10|174:4|175:3|176:5|177:6|178:10|179:3|180:1|181:21|182:10|183:12|184:2|185:14|186:7|187:44|188:7|189:11|190:4
181,kozue-yusa,3592,1895,1235,1423,780_885_671_718_538,9:279|10:306|13:179|15:402|26:120|30:432|31:113|37:618|43:169|44:359|50:185|56:312|57:291|59:339|63:221|71:231|86:283|87:317|93:340|99:118|102:416|109:250|110:247|111:395|119:95|121:323|122:225|128:268|132:741|133:207|134:171|137:369|140:593|146:197|151:116|152:350|154:566|161:321|164:159|165:248|166:185|171:205|175:299|178:243|182:469|187:537|188:256,3:9|4:2|5:31|6:1|7:1|8:23|9:6|10:15|11:6|12:8|15:12|16:21|17:8|18:1|19:26|20:38|21:16|23:3|24:1|26:1|28:1|29:4|30:4|32:27|34:9|35:7|36:6|37:74|38:6|39:30|40:5|41:7|42:23|43:3|44:26|46:2|47:18|48:9|49:3|50:4|51:1|52:2|53:10|54:3|55:2|56:4|57:1|58:4|59:24|60:1|61:12|62:18|63:7|64:12|65:19|66:4|68:9|69:3|70:1|71:7|72:2|73:13|74:41|75:46|76:28|77:86|78:9|80:11|81:8|83:41|84:21|85:3|86:17|87:7|88:29|89:26|90:18|91:1|93:10|94:10|95:2|96:3|97:2|98:11|99:2|100:22|101:12|102:28|103:4|104:72|105:2|106:16|108:15|109:6|110:9|111:10|112:8|113:4|114:2|115:12|116:11|118:1|120:21|121:23|122:4|123:3|124:3|126:4|127:16|128:30|129:3|130:1|131:68|132:65|133:6|134:8|135:9|136:24|137:10|138:3|139:29|140:43|141:2|143:28|144:17|145:7|146:12|147:26|148:12|149:7|150:1|152:5|153:1|154:28|155:4|156:2|157:9|158:3|159:14|160:13|161:21|162:14|163:9|164:5|165:15|166:7|167:4|168:1|169:2|170:19|171:2|172:26|173:20|175:24|176:5|177:5|178:4|179:4|180:8|181:160|182:20|183:17|184:3|185:57|186:14|187:64|188:7|189:7|190:1
182,riamu-yumemi,5752,3057,2122,2441,1295_1266_1164_949_1078,9:400|10:562|13:223|15:637|26:137|30:602|31:126|37:447|43:310|44:686|50:353|56:386|57:291|59:696|63:272|71:282|86:511|87:346|93:1256|99:177|102:516|109:268|110:345|111:578|119:153|121:656|122:313|128:546|132:1195|133:336|134:274|137:531|140:616|146:351|151:156|152:681|154:406|161:369|164:296|165:291|166:308|171:259|175:416|178:154|181:469|187:335|188:288,3:11|4:1|5:15|7:2|8:24|9:16|10:26|11:8|12:11|13:4|14:3|15:13|16:21|17:7|18:4|19:46|20:36|21:11|22:1|23:4|24:1|25:1|26:2|27:4|29:8|30:19|31:1|32:46|33:2|34:12|35:18|36:5|37:27|38:13|39:26|40:8|41:9|42:62|43:9|44:53|46:3|47:19|48:12|49:5|50:14|51:2|52:1|53:26|54:3|55:6|56:6|57:3|58:12|59:48|60:2|62:43|63:12|64:20|65:18|66:6|68:16|69:15|70:1|71:8|72:2|73:24|74:60|75:19|76:3|77:25|78:29|79:2|80:11|81:17|83:53|84:30|85:3|86:32|87:15|88:20|89:33|90:47|91:1|92:2|93:59|94:13|95:3|96:3|98:63|99:6|100:31|101:26|102:22|103:21|104:44|105:1|106:99|107:3|108:8|109:11|110:14|111:17|112:6|113:7|114:1|115:4|116:28|117:2|118:6|119:4|120:27|121:43|122:6|123:5|124:4|126:4|127:19|128:72|129:3|130:3|131:85|132:72|133:17|134:19|135:3|136:26|137:22|138:10|139:40|140:35|141:3|142:3|143:55|144:35|145:13|146:27|147:36|148:13|149:12|150:3|151:4|152:5|153:4|154:10|155:3|156:4|157:10|158:3|159:14|160:31|161:16|162:21|163:11|164:17|165:19|166:13|167:4|168:2|169:4|170:13|171:4|172:60|173:34|174:1|175:25|176:1|177:6|178:3|179:13|180:13|181:24|182:142|183:14|184:1|185:26|186:24|187:29|188:6|189:3|190:10
187,kaoru-ryuzaki,2802,1433,917,1067,581_499_597_551_574,9:166|10:236|13:174|15:252|26:128|30:293|31:115|37:294|43:176|44:198|50:211|56:236|57:222|59:186|63:207|71:209|86:203|87:279|93:262|99:133|102:286|109:208|110:177|111:381|119:117|121:210|122:201|128:187|132:457|133:218|134:185|137:292|140:276|146:190|151:146|152:358|154:482|161:223|164:177|165:212|166:190|171:197|175:197|178:248|181:537|182:335|188:243,3:11|4:1|5:37|6:1|8:15|9:7|10:12|11:3|12:7|13:2|14:2|15:9|16:12|17:3|18:3|19:10|20:44|21:12|23:1|24:2|26:1|27:2|28:2|29:2|30:7|31:1|32:16|34:9|35:10|36:5|37:17|38:6|39:20|40:7|41:7|42:27|43:3|44:13|46:2|47:18|48:8|49:4|50:11|51:1|52:1|53:12|54:8|55:2|56:3|57:2|58:4|59:9|61:11|62:18|63:8|64:7|65:20|66:2|68:11|69:8|71:7|72:2|73:9|74:27|75:37|76:34|77:39|78:6|79:1|80:7|81:5|83:23|84:13|85:3|86:14|87:9|88:17|89:19|90:11|92:1|93:12|94:12|95:3|96:2|97:1|98:14|99:2|100:12|101:8|102:23|103:10|104:58|105:3|106:17|107:2|108:18|109:10|110:5|111:15|112:5|113:5|114:3|115:8|116:12|117:1|119:2|120:14|121:13|122:4|123:1|124:1|125:1|126:5|127:12|128:28|129:5|130:3|131:32|132:30|133:8|134:10|135:6|136:20|137:10|138:4|139:13|140:16|141:1|143:15|144:11|145:5|146:19|147:18|148:4|149:6|150:2|151:2|152:6|153:3|154:21|155:4|156:1|157:3|158:1|159:4|160:12|161:16|162:8|163:6|164:4|165:16|166:6|167:2|168:1|169:3|170:13|171:4|172:29|173:13|175:10|176:3|177:6|178:5|179:1|180:16|181:52|182:20|183:19|184:2|185:22|186:11|187:130|188:7|189:6|190:1
188,tomoka-wakabayashi,3814,1834,1107,1306,506_653_757_913_985,9:193|10:214|13:311|15:469|26:243|30:592|31:174|37:341|43:203|44:224|50:202|56:422|57:437|59:276|63:162|71:312|86:249|87:193|93:247|99:193|102:525|109:270|110:274|111:568|119:249|121:196|122:362|128:228|132:516|133:396|134:352|137:649|140:174|146:281|151:204|152:595|154:234|161:256|164:147|165:153|166:192|171:437|175:224|178:230|181:256|182:288|187:243,1:1|2:1|3:37|4:6|5:13|7:2|8:16|9:8|10:9|11:15|12:9|13:7|14:1|15:22|16:43|17:5|18:3|19:21|20:20|21:16|22:1|23:2|24:4|25:7|26:2|27:2|28:2|29:13|30:14|32:28|34:13|35:12|36:6|37:41|38:8|39:34|40:9|41:7|42:49|43:2|44:18|46:3|47:19|48:10|49:4|50:12|52:5|53:10|54:2|55:9|56:7|57:4|58:10|59:11|60:2|61:5|62:20|63:7|64:16|65:40|66:12|68:19|69:5|70:7|71:5|72:5|73:24|74:23|75:11|76:8|77:21|78:11|80:18|81:20|83:34|84:24|85:8|86:19|87:8|88:20|89:14|90:19|91:2|92:1|93:13|94:10|95:1|96:3|97:1|98:24|99:5|100:23|101:10|102:61|103:11|104:17|105:3|106:17|107:3|108:9|109:14|110:20|111:26|112:19|113:11|114:10|115:10|116:21|117:3|119:4|120:24|121:18|122:7|123:7|124:8|125:1|126:5|127:7|128:25|129:17|130:2|131:42|132:46|133:61|134:52|135:7|136:21|137:19|138:2|139:43|140:8|141:2|143:31|144:15|145:15|146:30|147:13|148:25|149:14|150:3|151:3|152:10|153:5|154:12|155:2|156:11|157:11|158:6|159:23|160:31|161:17|162:11|163:6|164:13|165:9|166:13|167:3|169:2|170:19|171:6|172:16|173:15|174:2|175:13|176:6|177:7|178:3|179:9|180:10|181:15|182:19|183:15|184:3|185:32|186:16|187:24|188:70|189:8|190:6
