id,name,tweet_count,user_count,only_voted_user_count,top_voted_user_count,other_voted_idols,profile_idols
11,honoka-ayase,8152,2918,1649,2058,12:516|23:191|32:684|38:622|39:690|46:268|47:443|52:364|53:550|54:483|61:524|64:538|65:665|66:637|67:250|69:864|75:529|79:347|80:494|81:473|96:395|98:634|103:388|105:459|107:525|114:739|116:268|117:189|120:631|126:306|130:439|131:862|135:519|138:344|141:718|147:521|150:313|160:718|163:818|168:451|170:1269|172:649|176:575|177:449|179:287|189:276,1:3|2:2|3:53|4:13|5:17|6:1|7:5|8:19|9:14|10:28|11:68|12:35|13:4|14:4|15:4|16:39|17:9|18:2|19:29|20:12|21:27|22:1|23:3|24:6|25:6|26:3|27:4|28:2|29:10|30:15|32:35|33:2|34:11|35:11|36:31|37:39|38:13|39:35|40:8|41:29|42:86|43:11|44:48|45:2|46:3|47:74|48:68|49:7|50:7|51:1|52:1|53:31|54:10|55:42|56:7|57:6|58:10|59:37|60:2|61:4|62:27|63:5|64:32|65:58|66:13|67:1|68:32|69:13|70:1|71:11|72:2|73:49|74:59|75:34|76:14|77:32|78:17|79:1|80:18|81:25|83:96|84:38|85:3|86:33|87:7|88:45|89:19|90:38|91:3|92:8|93:9|94:48|95:3|96:4|97:2|98:57|99:3|100:44|101:29|102:74|103:32|104:44|105:7|106:38|107:8|108:20|109:14|110:16|111:22|112:33|113:16|114:26|115:13|116:21|117:2|118:5|119:2|120:58|121:14|122:5|123:1|124:11|125:1|126:12|127:20|128:50|129:16|130:3|131:64|132:62|133:34|134:16|135:16|136:30|137:24|138:6|139:82|140:15|141:15|142:2|143:81|144:24|145:13|146:41|147:47|148:29|149:37|150:10|151:3|152:16|153:6|154:9|155:4|156:5|157:18|158:16|159:46|160:45|161:29|162:19|163:21|164:7|165:15|166:11|167:9|168:1|169:3|170:29|171:36|172:52|173:22|174:5|175:33|176:15|177:5|178:2|179:14|180:10|181:16|182:19|183:20|184:5|185:46|186:24|187:27|188:16|189:8|190:11
12,hina-araki,4692,1963,1125,1353,11:516|23:161|32:560|38:513|39:531|46:336|47:394|52:241|53:459|54:309|61:273|64:377|65:531|66:317|67:157|69:509|75:410|79:191|80:352|81:372|96:256|98:518|103:325|105:242|107:498|114:402|116:275|117:161|120:442|126:254|130:309|131:703|135:303|138:297|141:515|147:450|150:285|160:524|163:528|168:282|170:541|172:619|176:274|177:256|179:311|189:247,1:2|2:4|3:18|4:1|5:8|6:1|7:5|8:15|9:5|10:34|11:32|12:124|13:5|14:1|15:8|16:17|17:7|18:3|19:28|20:10|21:13|22:1|23:3|24:2|25:5|26:1|28:1|29:6|30:7|32:22|33:2|34:4|35:5|36:9|37:17|38:18|39:20|40:6|41:74|42:70|43:29|44:25|46:6|47:46|48:24|49:4|50:10|52:3|53:28|54:8|55:9|56:5|57:2|58:5|59:21|60:3|61:2|62:25|63:5|64:9|65:42|66:12|67:1|68:16|69:6|70:1|71:6|72:4|73:24|74:31|75:8|76:17|77:15|78:17|80:6|81:11|83:56|84:16|85:3|86:14|87:4|88:14|89:11|90:28|91:1|92:1|93:13|94:22|95:1|96:2|98:43|99:2|100:26|101:22|102:24|103:11|104:21|105:3|106:19|107:6|108:14|109:11|110:3|111:10|112:16|113:11|114:13|115:8|116:22|118:2|119:1|120:38|121:29|122:1|123:4|124:4|125:1|126:7|127:10|128:42|129:9|130:2|131:28|132:29|133:19|134:12|135:13|136:16|137:17|138:3|139:43|140:16|141:15|142:4|143:44|144:13|145:8|146:14|147:28|148:16|149:8|150:8|152:21|153:2|154:5|155:2|156:3|157:13|158:5|159:13|160:19|161:26|162:9|163:17|164:8|165:7|166:12|167:2|168:1|169:2|170:17|171:7|172:44|173:14|174:3|175:45|176:6|177:6|178:2|179:9|180:8|181:12|182:19|183:13|184:3|185:15|186:9|187:17|188:10|189:10|190:12
23,suzuho-ueda,1057,562,233,269,11:191|12:161|32:163|38:176|39:157|46:140|47:158|52:150|53:162|54:169|61:159|64:140|65:159|66:153|67:104|69:289|75:148|79:132|80:176|81:136|96:205|98:170|103:125|105:138|107:169|114:170|116:182|117:261|120:154|126:140|130:157|131:224|135:155|138:163|141:166|147:161|150:142|160:163|163:243|168:181|170:219|172:223|176:181|177:156|179:180|189:131,3:4|4:4|5:3|8:5|9:2|10:4|11:3|12:4|13:2|15:5|16:5|17:3|18:1|19:7|20:4|21:1|23:7|25:2|26:1|28:1|29:7|30:3|32:4|34:8|35:4|36:3|37:5|38:2|39:3|40:3|41:4|42:8|43:2|46:2|47:6|48:3|50:3|51:1|52:1|53:8|54:4|56:5|57:1|58:1|59:7|60:2|61:3|62:5|63:4|64:4|65:10|66:6|67:1|68:3|69:10|70:1|71:1|73:4|74:9|75:1|76:1|77:5|78:8|80:2|81:4|83:8|84:4|85:5|86:4|87:2|88:5|89:4|90:8|93:5|94:9|96:4|97:2|98:12|99:1|100:6|101:5|102:10|103:3|104:6|105:3|106:3|107:4|108:3|109:3|110:1|111:6|112:2|113:5|114:6|115:2|116:8|117:10|118:1|119:2|120:11|121:1|122:3|123:1|124:4|125:1|126:3|127:6|128:2|129:1|130:3|131:10|132:8|133:7|134:3|135:2|136:6|137:3|138:4|139:13|140:2|141:3|143:11|144:7|145:3|146:9|147:7|148:4|149:12|150:1|151:2|152:5|154:2|155:1|156:1|157:4|158:2|159:7|161:7|162:6|163:16|164:2|165:7|166:5|167:2|170:4|172:15|173:10|174:1|175:6|176:3|177:2|179:4|180:3|181:4|182:6|183:3|184:5|185:6|186:12|187:7|188:4|189:6|190:1
32,yui-ohtsuki,9937,4592,3282,3659,11:684|12:560|23:163|38:370|39:1329|46:195|47:525|52:238|53:1061|54:375|61:447|64:865|65:1114|66:650|67:183|69:959|75:1082|79:273|80:749|81:972|96:364|98:1407|103:611|105:389|107:362|114:560|116:287|117:187|120:1202|126:353|130:350|131:1919|135:441|138:658|141:522|147:991|150:498|160:1224|163:660|168:531|170:1141|172:1063|176:340|177:347|179:424|189:291,1:7|2:2|3:59|4:6|5:31|7:5|8:32|9:20|10:19|11:22|12:19|13:8|14:2|15:24|16:60|17:2|18:2|19:136|20:36|21:18|22:2|23:6|24:5|25:7|26:2|27:2|29:12|30:12|31:3|32:221|33:1|34:9|35:9|36:9|37:68|38:22|39:66|40:9|41:12|42:114|43:13|44:72|45:1|46:3|47:40|48:30|49:2|50:18|51:1|52:3|53:63|54:9|55:5|56:10|57:6|58:10|59:50|60:3|61:3|62:44|63:9|64:37|65:62|66:20|67:1|68:25|69:20|70:1|71:6|72:6|73:76|74:80|75:41|76:18|77:25|78:31|79:3|80:24|81:63|83:118|84:59|85:6|86:93|87:24|88:29|89:43|90:45|91:2|92:4|93:33|94:12|95:3|96:3|97:2|98:138|99:12|100:53|101:35|102:84|103:44|104:61|105:8|106:36|107:5|108:25|109:15|110:34|111:11|112:29|113:25|114:27|115:10|116:30|117:1|118:1|119:2|120:108|121:77|122:2|123:5|124:5|125:1|126:10|127:23|128:117|129:15|130:4|131:99|132:109|133:48|134:32|135:31|136:57|137:22|138:16|139:56|140:25|141:15|142:1|143:142|144:40|145:22|146:47|147:70|148:42|149:19|150:14|152:12|153:5|154:30|155:2|156:8|157:30|158:6|159:46|160:71|161:25|162:56|163:21|164:16|165:10|166:24|167:7|168:8|169:3|170:31|171:10|172:77|173:40|174:1|175:57|176:7|177:10|179:16|180:14|181:28|182:43|183:15|184:4|185:40|186:17|187:35|188:22|189:11|190:4
38,saori-okuyama,4087,1725,879,1071,11:622|12:513|23:176|32:370|39:380|46:366|47:315|52:289|53:362|54:398|61:401|64:348|65:358|66:345|67:202|69:610|75:336|79:241|80:336|81:280|96:340|98:361|103:248|105:364|107:498|114:462|116:217|117:165|120:326|126:198|130:356|131:462|135:368|138:278|141:646|147:333|150:225|160:380|163:515|168:382|170:741|172:388|176:377|177:368|179:252|189:213,1:1|2:1|3:19|4:9|5:6|6:1|7:11|8:24|9:8|10:18|11:15|12:39|13:6|14:2|15:5|16:23|17:9|18:2|19:19|20:8|21:15|22:2|23:2|24:5|25:6|26:3|27:5|28:2|29:9|30:5|31:1|32:18|34:10|35:9|36:11|37:30|38:39|39:9|40:6|41:40|42:47|43:14|44:17|46:7|47:25|48:14|49:2|50:7|51:2|52:1|53:14|54:8|55:9|56:9|57:5|58:7|59:14|60:2|61:6|62:23|63:5|64:21|65:31|66:7|67:1|68:20|69:10|70:2|71:8|72:3|73:26|74:37|75:13|76:10|77:9|78:14|79:1|80:6|81:11|83:44|84:23|85:6|86:10|87:2|88:31|89:10|90:17|92:3|93:8|94:21|95:3|96:6|98:26|99:3|100:19|101:16|102:31|103:8|104:26|105:5|106:20|107:5|108:12|109:13|110:15|111:17|112:14|113:14|114:16|115:6|116:17|117:3|118:2|119:2|120:24|121:11|122:3|123:3|124:9|125:1|126:6|127:6|128:18|129:12|130:2|131:31|132:26|133:20|134:6|135:8|136:25|137:16|138:10|139:30|140:10|141:19|142:2|143:28|144:14|145:12|146:20|147:20|148:15|149:21|150:8|151:2|152:15|153:2|154:4|155:2|156:3|157:18|158:8|159:26|160:20|161:22|162:12|163:15|164:3|165:8|166:12|167:6|168:5|169:1|170:11|171:4|172:36|173:12|174:5|175:29|176:6|177:4|179:4|180:5|181:13|182:20|183:15|184:6|185:26|186:15|187:11|188:12|189:12|190:9
39,yuuki-otokura,8095,3821,2617,2953,11:690|12:531|23:157|32:1329|38:380|46:223|47:578|52:232|53:764|54:337|61:556|64:791|65:1367|66:426|67:157|69:676|75:964|79:224|80:631|81:690|96:301|98:1016|103:568|105:326|107:324|114:551|116:333|117:171|120:912|126:333|130:275|131:1892|135:332|138:393|141:408|147:794|150:361|160:946|163:679|168:429|170:1053|172:989|176:352|177:280|179:317|189:364,2:1|3:71|4:6|5:31|6:1|7:1|8:21|9:15|10:24|11:22|12:24|13:3|14:1|15:12|16:72|17:5|18:4|19:59|20:20|21:25|22:1|23:4|24:12|25:3|26:3|27:4|29:8|30:20|31:1|32:54|34:12|35:2|36:19|37:68|38:21|39:216|40:8|41:16|42:79|43:13|44:54|45:2|46:12|47:49|48:44|49:1|50:19|51:1|52:2|53:41|54:9|55:13|56:10|57:8|58:7|59:39|60:5|61:6|62:49|63:9|64:25|65:165|66:16|67:1|68:17|69:9|70:2|71:8|72:2|73:73|74:60|75:38|76:22|77:36|78:28|79:2|80:27|81:37|83:106|84:71|85:4|86:37|87:15|88:53|89:40|90:56|91:1|92:6|93:26|94:20|95:1|96:2|97:2|98:93|99:2|100:39|101:21|102:101|103:43|104:62|105:6|106:44|107:7|108:23|109:30|110:15|111:14|112:37|113:14|114:27|115:17|116:40|117:1|118:4|119:3|120:87|121:50|122:2|123:11|124:6|125:1|126:11|127:25|128:85|129:14|130:3|131:135|132:143|133:31|134:31|135:14|136:50|137:23|138:3|139:98|140:28|141:6|142:2|143:91|144:28|145:24|146:33|147:61|148:35|149:17|150:8|151:1|152:6|153:1|154:22|155:3|156:8|157:16|158:11|159:36|160:54|161:40|162:19|163:19|164:5|165:16|166:31|167:11|169:3|170:36|171:10|172:59|173:24|174:1|175:21|176:12|177:7|179:10|180:20|181:25|182:36|183:13|184:4|185:59|186:12|187:43|188:24|189:17|190:11
46,mahiro-kitagawa,1665,778,335,418,11:268|12:336|23:140|32:195|38:366|39:223|47:158|52:226|53:183|54:215|61:195|64:152|65:178|66:229|67:160|69:338|75:146|79:178|80:158|81:152|96:317|98:185|103:149|105:197|107:410|114:256|116:169|117:126|120:168|126:148|130:232|131:203|135:200|138:162|141:375|147:187|150:147|160:173|163:315|168:221|170:291|172:192|176:220|177:201|179:181|189:151,1:2|2:2|3:5|4:1|5:1|7:4|8:7|9:1|10:8|11:10|12:19|13:1|15:3|16:8|17:6|18:1|19:5|20:7|21:7|23:3|24:1|25:3|28:4|29:5|30:3|32:7|34:3|35:2|36:6|37:7|38:10|39:13|41:41|42:15|43:2|44:4|46:19|47:8|48:8|49:2|50:7|53:3|54:3|55:3|56:2|58:1|59:4|60:3|61:1|62:9|63:1|64:5|65:10|66:5|67:1|68:4|69:12|71:1|73:2|74:2|75:2|76:3|77:4|78:7|79:1|81:5|83:17|84:3|85:2|86:5|87:1|88:5|89:5|90:7|92:1|93:4|94:4|96:10|98:19|100:2|101:8|102:7|103:4|104:4|105:2|106:3|107:6|108:6|109:5|110:1|111:5|112:4|113:9|114:7|115:4|116:15|117:1|119:3|120:12|121:7|122:2|123:2|124:5|125:1|126:2|127:1|128:8|129:1|130:2|131:9|132:9|133:10|134:8|135:5|136:10|137:6|138:2|139:12|140:2|141:7|142:1|143:3|144:7|145:5|146:8|147:5|148:4|149:6|150:3|151:2|152:4|153:1|155:2|156:3|157:6|158:4|159:6|160:6|161:8|162:3|163:9|164:3|165:3|166:1|167:1|168:2|169:1|170:2|171:3|172:6|173:7|174:4|175:17|176:3|177:3|178:1|179:4|180:3|181:6|182:4|183:6|184:7|185:7|186:8|187:8|188:9|189:5|190:3
47,hinako-kita,4072,1835,1051,1249,11:443|12:394|23:158|32:525|38:315|39:578|46:158|52:171|53:417|54:269|61:378|64:387|65:611|66:293|67:127|69:446|75:474|79:163|80:425|81:328|96:214|98:436|103:308|105:254|107:304|114:415|116:290|117:146|120:413|126:238|130:187|131:832|135:224|138:254|141:275|147:477|150:228|160:451|163:543|168:294|170:603|172:668|176:351|177:216|179:241|189:252,1:2|2:1|3:33|4:7|5:14|7:5|8:25|9:7|10:25|11:11|12:20|13:4|14:2|15:6|16:34|17:6|19:23|20:17|21:16|22:2|23:2|24:8|25:5|26:2|27:3|28:3|29:5|30:9|31:1|32:20|34:9|35:2|36:7|37:36|38:11|39:30|40:9|41:7|42:32|43:5|44:23|46:2|47:161|48:26|49:1|50:7|51:1|52:4|53:15|54:9|55:6|56:5|57:5|58:3|59:20|60:3|61:4|62:22|63:7|64:12|65:50|66:10|67:1|68:12|69:11|70:1|71:3|72:4|73:27|74:94|75:19|76:8|77:27|78:14|79:1|80:17|81:9|83:56|84:27|85:4|86:12|87:7|88:22|89:16|90:26|92:5|93:18|94:12|95:1|96:2|98:30|99:2|100:23|101:14|102:55|103:17|104:42|105:2|106:30|107:4|108:9|109:22|110:15|111:7|112:11|113:8|114:14|115:15|116:22|117:1|118:2|119:1|120:34|121:26|122:4|123:2|124:5|125:1|126:6|127:15|128:30|129:5|130:1|131:47|132:48|133:20|134:12|135:14|136:17|137:17|138:6|139:42|140:16|141:5|142:1|143:42|144:13|145:11|146:20|147:22|148:8|149:17|150:3|151:1|152:2|153:2|154:12|155:4|156:2|157:12|158:7|159:20|160:23|161:23|162:16|163:27|164:3|165:28|166:10|167:6|168:4|169:1|170:12|171:7|172:66|173:15|174:1|175:12|176:16|177:6|178:2|179:7|180:8|181:18|182:16|183:12|184:4|185:32|186:8|187:13|188:11|189:9|190:2
52,aya-kirino,2115,987,445,527,11:364|12:241|23:150|32:238|38:289|39:232|46:226|47:171|53:255|54:279|61:281|64:191|65:217|66:355|67:203|69:474|75:204|79:217|80:241|81:193|96:347|98:226|103:167|105:266|107:278|114:300|116:183|117:142|120:213|126:144|130:309|131:254|135:319|138:217|141:330|147:195|150:233|160:241|163:358|168:302|170:416|172:252|176:239|177:283|179:234|189:165,1:6|2:4|3:9|4:4|5:2|7:2|8:4|9:2|10:7|11:12|12:17|13:7|14:2|15:5|16:12|17:4|18:3|19:12|20:6|21:7|22:1|23:4|24:1|25:5|27:2|28:5|29:8|30:6|31:2|32:9|34:6|35:8|36:12|37:4|38:6|39:7|41:12|42:25|43:9|44:12|46:7|47:9|48:9|49:6|50:7|51:2|52:6|53:14|54:4|55:5|56:6|58:9|59:10|60:4|61:4|62:11|63:4|64:3|65:15|66:14|67:1|68:9|69:14|70:2|71:3|73:6|74:16|75:4|76:5|77:16|78:9|79:1|80:1|81:8|83:26|84:9|85:6|86:12|87:4|88:8|89:9|90:12|93:6|94:9|95:1|96:5|97:3|98:16|99:2|100:7|101:11|102:13|103:9|104:11|105:3|106:5|107:4|108:25|109:1|110:1|111:8|112:9|113:10|114:10|115:4|116:22|117:1|118:3|119:2|120:18|121:12|122:3|123:2|124:9|125:1|126:1|127:9|128:17|129:7|130:1|131:10|132:10|133:13|134:4|135:8|136:14|137:8|138:6|139:14|140:6|141:9|142:2|143:10|144:18|145:5|146:15|147:6|148:11|149:15|150:6|151:4|152:7|153:3|154:1|155:1|156:2|157:14|158:1|159:2|160:12|161:10|162:4|163:13|164:12|165:5|166:6|167:3|168:4|169:2|170:4|171:4|172:12|173:13|174:4|175:14|176:2|177:2|178:1|179:7|180:2|181:43|182:6|183:7|184:6|185:7|186:9|187:14|188:7|189:5|190:3
53,tsukasa-kiryu,7272,2959,1848,2159,11:550|12:459|23:162|32:1061|38:362|39:764|46:183|47:417|52:255|54:315|61:296|64:581|65:632|66:452|67:196|69:1054|75:511|79:257|80:510|81:680|96:340|98:1006|103:468|105:322|107:323|114:486|116:277|117:171|120:842|126:281|130:389|131:1124|135:402|138:467|141:437|147:600|150:528|160:910|163:587|168:370|170:784|172:708|176:318|177:324|179:426|189:237,1:1|2:2|3:39|4:3|5:6|7:2|8:17|9:19|10:26|11:18|12:17|13:7|14:4|15:12|16:31|17:2|18:4|19:71|20:14|21:15|22:2|23:3|24:2|25:4|26:4|27:4|28:3|29:7|30:13|31:1|32:57|33:2|34:6|35:12|36:9|37:22|38:17|39:37|40:9|41:6|42:89|43:15|44:52|45:1|46:1|47:25|48:25|49:5|50:27|51:1|52:3|53:142|54:9|55:5|56:8|57:11|58:10|59:55|60:4|61:1|62:26|63:3|64:23|65:37|66:11|67:1|68:27|69:39|70:2|71:5|72:3|73:45|74:63|75:16|76:3|77:16|78:36|79:1|80:15|81:32|82:1|83:96|84:38|85:4|86:46|87:7|88:27|89:19|90:47|91:3|92:5|93:34|94:15|95:2|96:2|97:1|98:120|99:5|100:26|101:42|102:46|103:39|104:38|105:9|106:53|107:5|108:27|109:13|110:12|111:18|112:19|113:12|114:26|115:7|116:24|117:2|118:4|119:2|120:78|121:63|122:3|123:3|124:10|125:2|126:6|127:13|128:111|129:15|130:5|131:66|132:58|133:20|134:16|135:15|136:52|137:21|138:7|139:67|140:17|141:11|142:2|143:94|144:41|145:23|146:24|147:34|148:22|149:14|150:12|151:1|152:8|153:5|154:20|155:4|157:21|158:8|159:21|160:59|161:16|162:30|163:14|164:14|165:10|166:25|167:6|168:3|169:2|170:18|171:4|172:49|173:24|174:2|175:67|176:4|177:7|179:18|180:12|181:14|182:43|183:10|184:5|185:26|186:9|187:21|188:12|189:5|190:25
54,wakaba-kusakabe,3539,1605,881,1026,11:483|12:309|23:169|32:375|38:398|39:337|46:215|47:269|52:279|53:315|61:503|64:260|65:308|66:322|67:192|69:616|75:452|79:240|80:345|81:224|96:341|98:303|103:195|105:345|107:298|114:416|116:230|117:156|120:260|126:183|130:337|131:480|135:323|138:234|141:410|147:296|150:205|160:321|163:517|168:528|170:829|172:441|176:297|177:384|179:252|189:208,1:2|2:3|3:11|4:7|5:12|6:1|7:3|8:25|9:4|10:26|11:15|12:16|13:6|14:3|15:3|16:9|17:9|18:2|19:23|20:25|21:8|23:4|24:5|25:4|26:2|27:1|28:8|29:8|30:4|31:3|32:14|33:1|34:18|35:10|36:6|37:19|38:7|39:6|40:6|41:9|42:39|43:7|44:16|46:5|47:17|48:8|49:6|50:5|52:2|53:25|54:42|55:7|56:7|57:9|58:6|59:16|60:4|61:11|62:22|63:3|64:12|65:15|66:5|67:1|68:13|69:14|70:1|71:5|72:1|73:7|74:39|75:33|76:17|77:38|78:9|79:2|80:11|81:4|83:41|84:17|85:5|86:12|87:3|88:20|89:28|90:12|93:11|94:24|96:6|97:1|98:25|99:1|100:9|101:19|102:28|103:8|104:35|105:3|106:16|107:3|108:14|109:5|110:6|111:18|112:10|113:13|114:13|115:12|116:23|117:3|118:3|119:3|120:17|121:13|122:1|123:5|124:7|125:1|126:2|127:10|128:11|129:6|130:4|131:30|132:25|133:12|134:4|135:8|136:23|137:12|138:6|139:21|140:17|141:7|142:2|143:21|144:21|145:7|146:15|147:19|148:8|149:22|150:6|151:3|152:5|153:1|154:9|155:2|156:3|157:7|158:5|159:11|160:16|161:21|162:8|163:19|164:4|165:13|166:5|167:5|168:4|169:7|170:18|171:4|172:47|173:28|174:4|175:15|176:5|177:8|178:3|179:10|180:7|181:34|182:18|183:13|184:5|185:28|186:16|187:22|188:8|189:9|190:2
61,koharu-koga,4936,2184,1297,1546,11:524|12:273|23:159|32:447|38:401|39:556|46:195|47:378|52:281|53:296|54:503|64:329|65:474|66:334|67:159|69:619|75:922|79:223|80:435|81:269|96:287|98:348|103:269|105:379|107:305|114:414|116:312|117:149|120:310|126:187|130:284|131:778|135:285|138:269|141:415|147:404|150:222|160:367|163:713|168:787|170:1116|172:565|176:320|177:319|179:230|189:247,1:2|3:18|4:6|5:50|7:3|8:26|9:5|10:24|11:18|12:9|13:4|14:2|15:5|16:25|17:5|19:23|20:44|21:11|23:3|24:17|25:4|26:3|27:1|28:5|29:6|30:8|31:1|32:16|33:2|34:11|35:4|36:9|37:49|38:10|39:26|40:9|41:10|42:37|43:11|44:20|45:1|46:6|47:39|48:16|49:3|50:12|51:1|52:1|53:13|54:12|55:6|56:11|57:3|58:4|59:23|60:1|61:42|62:30|63:15|64:8|65:33|66:9|67:1|68:16|69:10|71:4|72:4|73:14|74:29|75:78|76:42|77:81|78:14|79:1|80:12|81:13|83:47|84:28|85:5|86:13|87:10|88:27|89:23|90:21|92:3|93:11|94:12|95:1|96:6|98:23|99:1|100:16|101:18|102:37|103:12|104:87|105:9|106:20|107:3|108:16|109:17|110:8|111:12|112:15|113:12|114:10|115:40|116:28|117:2|118:1|119:1|120:26|121:17|122:4|123:8|124:5|125:1|126:3|127:15|128:16|129:7|130:1|131:48|132:39|133:15|134:16|135:12|136:31|137:7|138:2|139:27|140:21|141:9|142:1|143:22|144:19|145:9|146:22|147:40|148:10|149:12|150:5|151:2|152:6|153:1|154:36|155:4|156:2|157:7|158:2|159:19|160:13|161:18|162:9|163:22|164:5|165:11|166:16|167:5|168:9|169:5|170:31|171:6|172:32|173:13|174:3|175:11|176:5|177:4|178:4|179:5|180:29|181:68|182:22|183:30|184:6|185:56|186:11|187:50|188:7|189:12|190:4
64,sae-kobayakawa,5313,2486,1544,1763,11:538|12:377|23:140|32:865|38:348|39:791|46:152|47:387|52:191|53:581|54:260|61:329|65:904|66:299|67:153|69:514|75:637|79:190|80:436|81:898|96:225|98:859|103:412|105:265|107:254|114:407|116:217|117:155|120:819|126:313|130:268|131:1036|135:281|138:289|141:383|147:606|150:299|160:782|163:395|168:301|170:734|172:608|176:264|177:239|179:273|189:275,2:2|3:38|4:3|5:7|7:3|8:19|9:17|10:16|11:17|12:9|13:4|14:1|15:11|16:39|17:3|18:1|19:31|20:13|21:15|22:1|23:1|24:6|25:4|26:1|27:1|28:2|29:7|30:9|32:40|34:4|35:1|36:10|37:38|38:19|39:26|40:8|41:13|42:59|43:10|44:55|46:2|47:20|48:15|49:2|50:9|52:5|53:26|54:6|55:6|56:6|57:10|58:17|59:40|60:1|61:6|62:35|63:5|64:141|65:77|66:11|67:1|68:25|69:10|70:3|71:3|72:4|73:54|74:56|75:27|76:13|77:41|78:19|79:2|80:9|81:90|82:1|83:111|84:44|85:3|86:32|87:5|88:23|89:19|90:32|92:6|93:7|94:8|95:2|96:1|98:78|99:5|100:35|101:16|102:69|103:23|104:37|105:4|106:21|107:3|108:17|109:14|110:18|111:7|112:20|113:4|114:16|115:9|116:14|117:2|118:3|119:2|120:67|121:24|122:6|123:7|124:4|125:1|126:11|127:10|128:61|129:9|130:3|131:53|132:53|133:24|134:19|135:16|136:34|137:19|138:3|139:74|140:14|141:6|142:1|143:63|144:16|145:10|146:25|147:52|148:20|149:13|150:8|152:7|153:5|154:11|155:3|156:1|157:13|158:11|159:65|160:44|161:18|162:21|163:10|164:4|165:10|166:20|167:8|168:3|169:4|170:25|171:8|172:28|173:15|174:2|175:24|176:5|177:6|179:9|180:5|181:16|182:21|183:11|184:4|185:65|186:11|187:17|188:7|189:10|190:5
65,miho-kohinata,7597,3254,2134,2499,11:665|12:531|23:159|32:1114|38:358|39:1367|46:178|47:611|52:217|53:632|54:308|61:474|64:904|66:381|67:162|69:546|75:784|79:211|80:574|81:623|96:255|98:943|103:563|105:331|107:306|114:573|116:245|117:167|120:945|126:323|130:260|131:1431|135:301|138:356|141:393|147:861|150:324|160:936|163:573|168:317|170:846|172:830|176:395|177:223|179:303|189:334,1:1|2:1|3:70|4:6|5:21|7:3|8:14|9:16|10:27|11:17|12:21|13:4|14:1|15:8|16:92|17:4|18:2|19:33|20:12|21:27|22:2|23:4|24:3|25:6|26:4|28:4|29:5|30:16|31:2|32:60|33:1|34:9|35:4|36:15|37:97|38:14|39:85|40:6|41:16|42:86|43:3|44:45|46:4|47:60|48:33|49:1|50:11|52:1|53:31|54:6|55:13|56:12|57:6|58:11|59:53|60:3|61:7|62:41|63:5|64:43|65:265|66:15|67:1|68:13|69:15|70:2|71:9|72:4|73:59|74:61|75:30|76:17|77:27|78:12|79:1|80:26|81:25|82:1|83:97|84:118|85:7|86:50|87:17|88:29|89:20|90:46|91:2|92:8|93:8|94:12|96:1|97:3|98:90|99:3|100:35|101:24|102:141|103:42|104:52|105:6|106:45|107:3|108:24|109:19|110:20|111:10|112:31|113:7|114:22|115:20|116:19|117:1|119:2|120:86|121:33|122:2|123:6|124:3|125:1|126:8|127:15|128:67|129:16|130:5|131:62|132:69|133:31|134:19|135:22|136:46|137:17|138:4|139:94|140:17|141:6|142:1|143:101|144:19|145:22|146:44|147:70|148:31|149:8|150:7|152:6|153:4|154:14|155:4|156:3|157:17|158:10|159:44|160:49|161:36|162:13|163:17|164:8|165:10|166:19|167:10|168:2|169:3|170:34|171:11|172:43|173:18|174:2|175:26|176:8|177:4|178:2|179:11|180:9|181:20|182:18|183:13|184:5|185:55|186:9|187:26|188:18|189:12|190:3
66,ibuki-komatsu,4337,1882,1058,1258,11:637|12:317|23:153|32:650|38:345|39:426|46:229|47:293|52:355|53:452|54:322|61:334|64:299|65:381|67:236|69:589|75:310|79:328|80:349|81:354|96:398|98:409|103:267|105:353|107:377|114:513|116:224|117:169|120:384|126:256|130:319|131:506|135:480|138:321|141:459|147:339|150:296|160:426|163:550|168:374|170:648|172:372|176:353|177:332|179:293|189:198,1:1|2:3|3:34|4:5|5:8|6:1|7:1|8:20|9:5|10:15|11:28|12:19|13:8|14:1|15:12|16:36|17:1|18:3|19:43|20:7|21:5|22:1|23:5|24:4|25:5|27:8|28:2|29:7|30:10|31:1|32:47|33:1|34:5|35:4|36:7|37:19|38:10|39:13|40:6|41:13|42:59|43:10|44:20|46:6|47:29|48:19|49:4|50:7|52:7|53:33|54:7|55:16|56:8|57:1|58:5|59:18|60:3|61:1|62:17|63:11|64:14|65:26|66:38|67:1|68:15|69:7|70:4|71:3|72:2|73:20|74:37|75:21|76:6|77:6|78:21|79:2|80:9|81:28|83:48|84:16|85:5|86:42|87:8|88:14|89:13|90:16|91:2|92:1|93:17|94:15|95:1|96:6|97:5|98:23|99:2|100:16|101:13|102:41|103:26|104:20|105:7|106:15|107:9|108:10|109:6|110:10|111:14|112:13|113:20|114:14|115:5|116:17|117:2|118:1|119:3|120:32|121:21|122:3|123:2|124:5|125:1|126:8|127:11|128:65|129:10|130:1|131:33|132:37|133:18|134:16|135:20|136:32|137:19|138:7|139:36|140:7|141:15|142:1|143:74|144:18|145:14|146:22|147:23|148:26|149:14|150:6|151:1|152:13|153:9|154:13|155:2|156:7|157:48|158:5|159:22|160:20|161:15|162:17|163:14|164:4|165:10|166:16|167:5|168:1|169:1|170:11|171:11|172:25|173:12|175:26|176:7|177:5|179:14|180:8|181:15|182:17|183:7|184:11|185:22|186:6|187:11|188:15|189:12|190:11
67,chinami-komuro,1149,552,217,254,11:250|12:157|23:104|32:183|38:202|39:157|46:160|47:127|52:203|53:196|54:192|61:159|64:153|65:162|66:236|69:295|75:145|79:203|80:154|81:147|96:192|98:192|103:124|105:211|107:183|114:218|116:112|117:100|120:184|126:121|130:221|131:156|135:253|138:150|141:238|147:156|150:178|160:195|163:189|168:187|170:246|172:139|176:175|177:200|179:149|189:107,2:3|3:7|4:3|5:1|7:2|8:4|9:3|10:9|11:12|12:5|13:3|15:3|16:6|19:10|20:2|21:5|23:1|24:1|25:4|26:1|27:2|29:5|30:2|31:1|32:5|34:3|35:2|36:4|37:4|38:7|39:3|40:1|41:5|42:15|43:6|44:7|45:1|47:3|48:2|49:2|50:1|52:2|53:13|54:4|55:1|56:3|58:4|59:4|60:1|62:2|64:3|65:7|66:2|67:1|68:5|69:17|71:3|72:1|73:7|74:12|75:2|77:1|78:5|79:1|80:2|81:7|83:16|84:3|85:3|86:8|87:2|88:6|89:4|90:4|92:2|93:2|94:7|96:3|98:18|99:2|100:3|101:13|102:11|103:5|104:6|105:1|106:4|107:3|108:4|109:4|110:3|111:5|112:7|113:7|114:5|115:1|116:6|118:1|119:1|120:21|121:3|122:1|123:1|124:5|125:1|126:1|127:1|128:13|130:2|131:5|132:7|133:4|134:2|135:7|136:7|137:5|138:2|139:11|140:2|141:6|143:9|144:5|145:5|146:6|147:1|148:2|149:5|150:4|151:1|152:11|153:12|154:3|155:2|156:2|157:12|158:8|159:6|160:14|161:3|162:2|163:6|164:6|165:4|166:1|167:4|168:1|169:1|170:3|171:2|172:4|173:9|174:1|175:7|176:3|177:2|179:2|180:2|181:1|182:3|183:3|184:4|185:3|186:1|187:2|188:7|189:4|190:4
69,tokiko-zaizen,10971,4314,2784,3349,11:864|12:509|23:289|32:959|38:610|39:676|46:338|47:446|52:474|53:1054|54:616|61:619|64:514|65:546|66:589|67:295|75:649|79:431|80:1069|81:687|96:733|98:978|103:473|105:529|107:529|114:701|116:429|117:268|120:726|126:314|130:829|131:1107|135:648|138:662|141:732|147:676|150:640|160:881|163:1093|168:771|170:1479|172:988|176:451|177:782|179:619|189:298,1:7|2:5|3:43|4:5|5:21|6:1|7:5|8:44|9:15|10:38|11:25|12:24|13:13|14:3|15:13|16:27|17:16|18:5|19:107|20:45|21:16|22:4|23:10|24:8|25:11|26:2|27:5|28:5|29:24|30:14|31:4|32:54|33:5|34:26|35:27|36:13|37:37|38:21|39:29|40:20|41:25|42:89|43:34|44:70|45:1|46:5|47:40|48:29|49:20|50:45|51:2|52:2|53:72|54:14|55:12|56:15|57:6|58:14|59:62|60:7|61:9|62:48|63:27|64:23|65:34|66:14|67:1|68:22|69:96|71:12|72:7|73:55|74:99|75:25|76:15|77:36|78:34|79:3|80:60|81:40|82:2|83:106|84:37|85:11|86:40|87:11|88:44|89:51|90:41|91:3|92:7|93:26|94:38|95:5|96:15|97:5|98:106|99:8|100:29|101:80|102:58|103:38|104:50|105:11|106:50|107:8|108:27|109:9|110:11|111:28|112:22|113:24|114:21|115:13|116:52|117:4|118:6|119:3|120:65|121:60|122:6|123:6|124:16|125:2|126:7|127:22|128:94|129:11|130:14|131:72|132:64|133:42|134:28|135:21|136:59|137:30|138:16|139:56|140:32|141:11|142:1|143:61|144:69|145:21|146:46|147:42|148:35|149:30|150:22|151:7|152:21|153:13|154:25|155:5|156:2|157:23|158:12|159:27|160:61|161:21|162:53|163:23|164:33|165:26|166:34|167:8|168:7|169:6|170:28|171:11|172:84|173:74|174:10|175:47|176:5|177:20|178:3|179:21|180:19|181:32|182:67|183:23|184:12|185:45|186:52|187:46|188:16|189:11|190:15
75,momoka-sakurai,6242,3119,2134,2408,11:529|12:410|23:148|32:1082|38:336|39:964|46:146|47:474|52:204|53:511|54:452|61:922|64:637|65:784|66:310|67:145|69:649|79:176|80:551|81:484|96:237|98:755|103:364|105:318|107:247|114:397|116:294|117:152|120:617|126:263|130:255|131:1423|135:267|138:345|141:358|147:696|150:295|160:666|163:625|168:710|170:1056|172:920|176:271|177:258|179:283|189:272,1:3|3:33|4:6|5:58|6:1|7:1|8:20|9:7|10:22|11:22|12:18|13:4|14:1|15:12|16:29|17:4|18:1|19:41|20:40|21:16|22:2|24:9|25:7|26:3|28:1|29:6|30:10|31:1|32:46|33:1|34:9|35:8|36:8|37:44|38:10|39:39|40:8|41:7|42:66|43:9|44:58|45:1|46:2|47:37|48:12|49:3|50:9|52:2|53:27|54:14|55:4|56:6|57:1|58:6|59:33|60:2|61:23|62:41|63:3|64:26|65:50|66:5|67:1|68:32|69:17|70:1|71:7|72:2|73:42|74:58|75:152|76:37|77:80|78:16|80:16|81:17|83:71|84:31|85:7|86:22|87:15|88:24|89:21|90:24|92:2|93:16|94:19|95:3|96:1|97:1|98:49|99:4|100:24|101:25|102:54|103:17|104:142|105:4|106:23|107:3|108:23|109:11|110:14|111:14|112:22|113:14|114:17|115:16|116:22|118:1|119:2|120:41|121:34|122:5|123:10|124:5|125:1|126:8|127:20|128:39|129:10|130:2|131:75|132:69|133:17|134:9|135:20|136:42|137:15|138:4|139:30|140:29|141:7|142:2|143:46|144:19|145:16|146:19|147:52|148:20|149:11|150:6|152:7|153:4|154:47|155:4|156:3|157:16|158:10|159:23|160:29|161:18|162:19|163:20|164:9|165:10|166:14|167:6|168:6|169:1|170:30|171:1|172:57|173:18|174:4|175:14|176:1|177:7|178:1|179:8|180:20|181:56|182:34|183:25|184:2|185:60|186:12|187:50|188:9|189:10|190:4
79,marina-sawada,1931,983,488,578,11:347|12:191|23:132|32:273|38:241|39:224|46:178|47:163|52:217|53:257|54:240|61:223|64:190|65:211|66:328|67:203|69:431|75:176|80:221|81:205|96:258|98:288|103:169|105:260|107:222|114:334|116:132|117:123|120:248|126:162|130:339|131:258|135:372|138:188|141:293|147:195|150:215|160:356|163:284|168:249|170:362|172:205|176:211|177:340|179:193|189:141,1:2|2:3|3:19|4:4|5:3|7:2|8:11|9:4|10:15|11:14|12:5|13:5|15:3|16:8|17:1|18:3|19:19|20:5|21:3|23:3|24:3|25:3|26:1|27:2|28:1|29:6|30:4|32:22|33:2|34:4|35:3|36:2|37:7|38:6|39:8|40:5|41:7|42:30|43:14|44:6|45:1|46:2|47:10|48:7|49:5|50:8|51:1|52:3|53:17|54:5|55:7|56:7|57:2|58:5|59:15|60:1|61:2|62:7|63:4|64:7|65:11|66:6|67:1|68:9|69:14|70:1|71:4|73:11|74:19|75:4|76:3|77:7|78:43|79:8|80:5|81:10|83:31|84:7|85:5|86:15|87:3|88:10|89:7|90:14|91:2|92:1|93:2|94:8|95:3|96:7|97:2|98:35|99:3|100:10|101:11|102:12|103:6|104:15|105:5|106:6|107:5|108:5|109:2|110:5|111:8|112:9|113:6|114:5|115:3|116:8|117:3|118:1|119:3|120:22|121:10|123:1|124:7|125:1|126:5|127:1|128:20|129:4|130:7|131:13|132:12|133:9|134:8|135:9|136:18|137:6|138:6|139:20|140:1|141:6|142:2|143:30|144:6|145:8|146:9|147:10|148:7|149:12|150:4|151:1|152:13|153:2|154:8|155:1|156:4|157:15|158:2|159:8|160:36|161:7|162:9|163:6|164:5|165:12|166:4|167:2|168:2|169:2|170:7|171:4|172:13|173:11|174:2|175:22|177:5|178:1|179:7|180:5|181:2|182:11|183:5|184:6|185:8|186:7|187:11|188:11|189:3|190:10
80,noriko-shiina,5186,2431,1531,1745,11:494|12:352|23:176|32:749|38:336|39:631|46:158|47:425|52:241|53:510|54:345|61:435|64:436|65:574|66:349|67:154|69:1069|75:551|79:221|81:398|96:323|98:480|103:361|105:349|107:298|114:447|116:282|117:182|120:438|126:304|130:289|131:878|135:287|138:397|141:364|147:540|150:306|160:502|163:546|168:387|170:768|172:663|176:342|177:333|179:343|189:290,1:2|3:35|4:3|5:16|8:30|9:9|10:21|11:14|12:16|13:5|14:2|15:6|16:30|17:7|18:4|19:53|20:25|21:15|22:3|23:1|24:12|25:5|26:3|27:3|28:1|29:7|30:11|31:1|32:23|33:1|34:14|35:16|36:6|37:42|38:8|39:28|40:9|41:13|42:45|43:9|44:30|45:1|46:1|47:32|48:19|49:7|50:21|51:1|52:2|53:31|54:10|55:5|56:6|57:6|58:14|59:30|60:3|61:9|62:26|63:5|64:15|65:38|66:13|67:1|68:16|69:57|70:3|71:4|72:4|73:24|74:46|75:21|76:10|77:25|78:20|79:1|80:99|81:13|82:1|83:50|84:28|85:8|86:19|87:7|88:23|89:24|90:26|91:1|92:3|93:12|94:15|95:1|96:5|97:3|98:39|99:4|100:16|101:16|102:62|103:28|104:28|105:6|106:29|107:5|108:18|109:14|110:8|111:12|112:42|113:9|114:21|115:14|116:19|117:3|118:3|119:1|120:48|121:29|122:3|123:4|124:6|125:1|126:10|127:19|128:30|129:8|130:6|131:51|132:51|133:36|134:17|135:11|136:37|137:23|138:10|139:30|140:14|141:12|142:1|143:37|144:26|145:25|146:20|147:33|148:15|149:11|150:9|151:4|152:8|153:5|154:18|155:4|156:4|157:16|158:9|159:51|160:19|161:14|162:28|163:17|164:8|165:16|166:21|167:4|168:6|170:25|171:5|172:50|173:31|174:1|175:17|176:7|177:4|178:2|179:8|180:12|181:18|182:22|183:12|184:4|185:37|186:19|187:29|188:20|189:13|190:5
81,syuko-shiomi,5628,2630,1759,2005,11:473|12:372|23:136|32:972|38:280|39:690|46:152|47:328|52:193|53:680|54:224|61:269|64:898|65:623|66:354|67:147|69:687|75:484|79:205|80:398|96:264|98:1069|103:456|105:243|107:254|114:362|116:225|117:140|120:823|126:283|130:309|131:956|135:319|138:392|141:363|147:592|150:417|160:723|163:412|168:293|170:606|172:625|176:225|177:259|179:343|189:243,1:1|3:44|4:3|5:7|7:1|8:17|9:17|10:14|11:15|12:12|13:2|14:2|15:7|16:23|17:5|18:3|19:88|20:23|21:7|22:2|24:5|25:5|26:2|27:2|28:2|29:7|30:8|32:44|34:6|35:2|36:8|37:16|38:11|39:27|40:8|41:8|42:65|43:7|44:49|46:2|47:32|48:26|49:2|50:22|52:3|53:34|54:4|55:16|56:4|57:2|58:13|59:50|60:2|61:1|62:23|63:3|64:72|65:28|66:9|67:1|68:14|69:16|71:2|72:5|73:39|74:29|75:12|76:7|77:20|78:18|79:1|80:13|81:161|83:81|84:19|85:4|86:42|87:11|88:21|89:30|90:48|91:1|92:3|93:13|94:14|95:1|97:3|98:106|99:2|100:29|101:20|102:36|103:31|104:25|105:2|106:11|107:2|108:9|109:6|110:13|111:10|112:17|113:7|114:8|115:5|116:25|117:1|118:1|119:2|120:65|121:43|122:7|123:5|124:5|125:1|126:9|127:15|128:116|129:5|130:6|131:44|132:49|133:15|134:13|135:10|136:31|137:23|138:8|139:20|140:11|141:10|142:1|143:70|144:23|145:12|146:23|147:36|148:16|149:16|150:11|152:7|153:6|154:9|155:5|156:4|157:16|158:2|159:19|160:28|161:10|162:62|163:5|164:7|165:4|166:14|167:5|168:3|169:3|170:13|171:8|172:33|173:12|174:2|175:34|176:1|177:9|179:11|180:4|181:17|182:25|183:9|184:6|185:25|186:8|187:16|188:7|189:3|190:4
96,ema-senzaki,3036,1400,672,821,11:395|12:256|23:205|32:364|38:340|39:301|46:317|47:214|52:347|53:340|54:341|61:287|64:225|65:255|66:398|67:192|69:733|75:237|79:258|80:323|81:264|98:304|103:237|105:311|107:315|114:390|116:237|117:195|120:284|126:200|130:361|131:358|135:334|138:386|141:339|147:281|150:343|160:298|163:488|168:413|170:524|172:345|176:291|177:345|179:352|189:194,1:1|2:3|3:11|4:2|5:6|7:1|8:9|9:7|10:13|11:18|12:8|13:7|14:2|15:9|16:10|17:6|18:1|19:18|20:13|21:3|22:1|23:5|24:3|25:4|26:2|27:3|28:4|29:6|30:4|31:2|32:19|34:10|35:8|36:4|37:6|38:10|39:10|40:1|41:8|42:25|43:6|44:10|46:11|47:15|48:9|49:4|50:14|51:2|52:1|53:15|54:7|55:6|56:6|57:2|58:3|59:16|60:5|61:3|62:18|63:12|64:8|65:7|66:5|67:1|68:3|69:32|71:6|72:1|73:8|74:17|75:7|76:4|77:6|78:17|79:3|80:9|81:15|82:1|83:22|84:10|85:6|86:18|87:6|88:8|89:23|90:13|91:1|93:9|94:11|95:1|96:23|98:24|99:3|100:6|101:20|102:13|103:16|104:11|105:1|106:10|107:3|108:13|109:4|110:2|111:17|112:6|113:15|114:11|115:4|116:23|117:7|118:1|119:3|120:23|121:14|123:3|124:8|125:1|126:4|127:15|128:19|129:3|130:8|131:14|132:16|133:23|134:8|135:10|136:21|137:11|138:16|139:20|140:9|141:6|142:2|143:13|144:32|145:9|146:21|147:16|148:5|149:17|150:12|151:7|152:5|153:9|154:6|155:4|156:2|157:15|158:2|159:5|160:8|161:11|162:11|163:11|164:10|165:10|166:8|167:4|168:8|169:1|170:11|171:3|172:23|173:21|174:5|175:13|176:4|177:5|178:1|179:12|180:3|181:13|182:11|183:10|184:11|185:10|186:22|187:15|188:9|189:4|190:7
98,kaede-takagaki,10701,4038,2832,3271,11:634|12:518|23:170|32:1407|38:361|39:1016|46:185|47:436|52:226|53:1006|54:303|61:348|64:859|65:943|66:409|67:192|69:978|75:755|79:288|80:480|81:1069|96:304|103:552|105:338|107:301|114:706|116:269|117:164|120:1446|126:313|130:600|131:1473|135:457|138:403|141:499|147:828|150:466|160:1510|163:541|168:373|170:962|172:913|176:292|177:371|179:397|189:248,1:1|2:1|3:42|4:5|5:16|7:1|8:18|9:29|10:29|11:24|12:20|13:3|14:1|15:14|16:35|17:3|18:3|19:84|20:26|21:16|22:4|23:5|24:6|25:8|26:2|27:5|28:2|29:13|30:17|31:1|32:68|33:2|34:12|35:6|36:14|37:34|38:47|39:47|40:13|41:11|42:94|43:31|44:83|45:2|46:2|47:40|48:27|49:4|50:18|52:2|53:52|54:5|55:6|56:7|57:2|58:14|59:53|60:2|61:5|62:33|63:8|64:25|65:45|66:11|67:1|68:19|69:25|70:3|71:5|72:3|73:92|74:70|75:27|76:15|77:26|78:45|79:1|80:16|81:49|82:1|83:126|84:44|85:4|86:45|87:11|88:37|89:38|90:41|91:2|92:5|93:22|94:17|95:2|96:3|97:4|98:405|99:6|100:62|101:35|102:64|103:31|104:49|105:7|106:29|107:6|108:22|109:10|110:18|111:12|112:16|113:12|114:65|115:10|116:32|117:3|118:6|119:2|120:111|121:52|122:4|123:7|124:8|125:1|126:13|127:17|128:173|129:7|130:11|131:79|132:73|133:27|134:19|135:15|136:53|137:25|138:9|139:79|140:20|141:13|143:115|144:31|145:14|146:27|147:39|148:35|149:21|150:15|151:2|152:8|153:6|154:15|155:4|156:5|157:19|158:9|159:35|160:95|161:19|162:34|163:16|164:13|165:5|166:17|167:11|168:7|169:4|170:23|171:7|172:52|173:29|174:1|175:28|176:12|177:9|178:1|179:22|180:10|181:17|182:44|183:15|184:6|185:33|186:23|187:24|188:10|189:4|190:13
103,riina-tada,4213,1815,1031,1154,11:388|12:325|23:125|32:611|38:248|39:568|46:149|47:308|52:167|53:468|54:195|61:269|64:412|65:563|66:267|67:124|69:473|75:364|79:169|80:361|81:456|96:237|98:552|105:207|107:223|114:314|116:243|117:137|120:531|126:221|130:196|131:755|135:226|138:357|141:239|147:776|150:295|160:449|163:428|168:244|170:477|172:550|176:245|177:186|179:284|189:246,2:1|3:18|4:1|5:7|7:2|8:12|9:11|10:13|11:12|12:12|13:3|14:1|15:3|16:20|17:4|18:1|19:25|20:17|21:5|23:3|24:2|25:3|26:1|29:6|30:6|32:31|34:8|36:9|37:29|38:8|39:31|40:1|41:9|42:49|43:7|44:28|47:15|48:8|49:1|50:27|53:22|54:3|55:4|56:6|57:3|58:4|59:26|60:1|61:3|62:15|63:6|64:11|65:40|66:7|67:1|68:11|69:13|70:2|71:7|72:1|73:20|74:28|75:9|76:6|77:7|78:12|80:13|81:24|83:54|84:33|85:2|86:17|87:8|88:14|89:15|90:41|92:3|93:14|94:10|96:6|98:50|99:1|100:18|101:14|102:41|103:57|104:20|105:2|106:18|107:3|108:19|109:10|110:5|111:4|112:12|113:6|114:13|115:4|116:19|117:2|118:4|119:1|120:46|121:37|122:1|123:2|124:4|125:1|126:5|127:14|128:43|129:5|131:46|132:53|133:22|134:11|135:5|136:23|137:10|138:2|139:25|140:16|141:3|142:1|143:43|144:15|145:9|146:47|147:106|148:9|149:9|150:5|152:4|153:1|154:5|155:4|156:3|157:15|158:6|159:19|160:24|161:10|162:20|163:18|164:7|165:8|166:9|167:3|168:4|170:11|171:4|172:28|173:18|174:1|175:21|176:2|177:2|179:14|180:10|181:6|182:16|183:6|184:3|185:20|186:19|187:13|188:9|189:8|190:7
105,miyabi-tsukimiya,2803,1363,682,796,11:459|12:242|23:138|32:389|38:364|39:326|46:197|47:254|52:266|53:322|54:345|61:379|64:265|65:331|66:353|67:211|69:529|75:318|79:260|80:349|81:243|96:311|98:338|103:207|107:299|114:497|116:167|117:133|120:301|126:174|130:291|131:404|135:323|138:266|141:379|147:306|150:208|160:327|163:371|168:401|170:593|172:317|176:312|177:364|179:223|189:168,1:1|2:2|3:22|4:3|5:7|7:1|8:14|9:9|10:11|11:18|12:10|13:4|14:1|15:5|16:22|18:1|19:27|20:10|21:13|22:3|23:5|24:3|25:7|26:1|27:18|28:3|29:2|30:3|31:4|32:19|34:9|35:7|36:2|37:22|38:7|39:14|40:3|41:11|42:32|43:5|44:16|45:3|47:18|48:13|49:1|50:9|51:1|52:1|53:19|54:5|55:6|56:4|57:1|58:8|59:18|60:2|61:7|62:18|63:8|64:10|65:20|66:9|67:1|68:13|69:11|71:7|73:13|74:31|75:19|76:6|77:11|78:12|79:2|80:8|81:5|83:29|84:31|85:4|86:18|87:6|88:13|89:8|90:10|92:2|93:8|94:12|96:5|97:1|98:28|100:12|101:8|102:23|103:11|104:22|105:14|106:14|107:2|108:7|109:8|110:9|111:25|112:15|113:9|114:24|115:11|116:13|117:2|118:2|119:2|120:29|121:17|122:2|123:3|124:5|125:1|126:4|127:6|128:22|129:5|130:1|131:26|132:27|133:8|134:4|135:10|136:17|137:14|138:5|139:23|140:9|141:9|142:1|143:27|144:7|145:7|146:20|147:19|148:13|149:9|150:2|151:5|152:7|153:3|154:6|155:2|156:3|157:16|158:4|159:19|160:15|161:28|162:13|163:12|165:10|166:9|167:5|168:2|169:2|170:17|171:7|172:22|173:13|174:3|175:22|176:2|177:4|179:4|180:5|181:13|182:12|183:9|184:4|185:15|186:6|187:8|188:11|189:7|190:1
107,ako-tsuchiya,3754,1488,790,978,11:525|12:498|23:169|32:362|38:498|39:324|46:410|47:304|52:278|53:323|54:298|61:305|64:254|65:306|66:377|67:183|69:529|75:247|79:222|80:298|81:254|96:315|98:301|103:223|105:299|114:391|116:221|117:168|120:279|126:212|130:267|131:410|135:311|138:230|141:496|147:289|150:218|160:296|163:500|168:307|170:538|172:346|176:353|177:275|179:237|189:200,1:3|2:2|3:16|4:5|5:9|6:3|7:7|8:14|9:6|10:14|11:18|12:33|13:5|14:3|15:6|16:16|17:8|19:10|20:11|21:12|22:2|23:3|24:4|25:5|26:1|27:1|28:3|29:5|30:44|32:17|33:2|34:8|35:14|36:6|37:15|38:12|39:17|40:5|41:58|42:42|43:5|44:19|46:5|47:42|48:18|49:5|50:10|51:3|52:1|53:17|54:3|55:8|56:4|57:1|58:4|59:17|60:2|61:3|62:17|63:4|64:5|65:22|66:10|67:1|68:12|69:15|71:4|72:1|73:13|74:19|75:9|76:7|77:10|78:12|79:1|80:9|81:14|82:1|83:42|84:16|85:5|86:20|87:7|88:19|89:13|90:21|91:1|93:9|94:9|96:4|98:19|99:1|100:7|101:15|102:24|103:14|104:14|105:6|106:7|107:21|108:13|109:6|110:4|111:11|112:8|113:8|114:7|115:8|116:18|117:5|118:4|119:2|120:24|121:14|122:3|123:3|124:8|125:1|126:4|127:6|128:16|129:9|130:4|131:24|132:26|133:17|134:6|135:9|136:19|137:13|138:3|139:28|140:10|141:9|142:1|143:29|144:16|145:10|146:24|147:18|148:15|149:16|150:4|151:3|152:11|153:1|154:7|155:1|156:5|157:8|158:6|159:7|160:16|161:23|162:6|163:20|164:3|165:8|166:9|167:10|168:2|169:1|170:10|171:5|172:26|173:14|174:1|175:49|176:15|177:5|178:1|179:4|180:7|181:7|182:12|183:9|184:9|185:15|186:8|187:10|188:9|189:9|190:10
114,meiko-namiki,6603,2139,1090,1344,11:739|12:402|23:170|32:560|38:462|39:551|46:256|47:415|52:300|53:486|54:416|61:414|64:407|65:573|66:513|67:218|69:701|75:397|79:334|80:447|81:362|96:390|98:706|103:314|105:497|107:391|116:249|117:160|120:520|126:257|130:448|131:639|135:429|138:282|141:502|147:397|150:264|160:593|163:643|168:364|170:895|172:457|176:463|177:372|179:280|189:235,2:2|3:59|4:12|5:20|7:5|8:28|9:9|10:21|11:23|12:25|13:10|14:2|15:8|16:37|17:8|18:4|19:33|20:10|21:25|23:10|24:16|25:9|26:4|27:3|28:3|29:6|30:10|31:1|32:31|34:9|35:14|36:20|37:38|38:22|39:30|40:1|41:16|42:63|43:8|44:24|46:5|47:45|48:17|49:5|50:13|52:2|53:26|54:10|55:13|56:11|57:4|58:10|59:29|60:2|61:4|62:21|63:10|64:25|65:47|66:14|67:1|68:16|69:21|70:4|71:4|72:1|73:39|74:40|75:23|76:14|77:17|78:23|79:2|80:25|81:16|82:1|83:47|84:34|85:10|86:23|87:6|88:44|89:15|90:26|91:3|92:6|93:9|94:24|95:1|96:7|97:4|98:128|99:3|100:32|101:25|102:114|103:24|104:30|105:8|106:19|107:3|108:24|109:19|110:14|111:18|112:20|113:25|114:98|115:19|116:26|117:4|118:4|119:3|120:47|121:24|122:5|123:3|124:11|125:1|126:8|127:7|128:27|129:21|130:5|131:40|132:39|133:16|134:21|135:15|136:22|137:32|138:2|139:62|140:11|141:11|142:1|143:51|144:18|145:13|146:28|147:28|148:28|149:24|150:4|151:5|152:10|153:6|154:8|155:5|156:7|157:23|158:11|159:25|160:45|161:21|162:15|163:19|164:5|165:11|166:12|167:2|168:1|169:4|170:23|171:16|172:39|173:16|174:4|175:18|176:7|177:5|178:1|179:13|180:13|181:10|182:16|183:12|184:6|185:27|186:14|187:16|188:31|189:11|190:6
116,hikaru-nanjo,3284,1218,626,774,11:268|12:275|23:182|32:287|38:217|39:333|46:169|47:290|52:183|53:277|54:230|61:312|64:217|65:245|66:224|67:112|69:429|75:294|79:132|80:282|81:225|96:237|98:269|103:243|105:167|107:221|114:249|117:150|120:237|126:215|130:194|131:487|135:212|138:243|141:248|147:258|150:232|160:252|163:748|168:301|170:393|172:417|176:240|177:190|179:256|189:251,1:1|3:5|4:2|5:10|7:2|8:9|9:4|10:16|11:6|12:12|13:4|14:3|15:2|16:8|17:18|18:1|19:16|20:13|21:3|22:1|23:1|24:4|25:2|26:1|29:4|30:9|32:15|33:1|34:6|35:6|36:3|37:10|38:5|39:12|40:3|41:7|42:21|43:8|44:12|46:6|47:26|48:7|49:5|50:8|52:1|53:10|54:6|55:2|56:5|58:1|59:12|60:2|61:4|62:22|63:25|64:3|65:11|66:4|67:1|68:5|69:9|70:1|71:4|72:2|73:11|74:11|75:10|76:7|77:10|78:11|80:6|81:10|83:18|84:9|85:7|86:10|87:3|88:14|89:18|90:13|91:1|93:10|94:7|96:3|98:19|99:1|100:14|101:13|102:14|103:8|104:14|105:1|106:8|107:3|108:7|109:1|110:1|111:6|112:10|113:9|114:8|115:6|116:102|118:1|119:2|120:24|121:30|122:2|123:2|124:4|125:1|126:7|127:16|128:21|129:7|130:2|131:19|132:12|133:16|134:11|135:3|136:17|137:9|138:4|139:16|140:11|141:5|143:19|144:25|145:6|146:16|147:13|148:7|149:7|150:6|152:3|153:3|154:13|155:2|156:1|157:7|158:2|159:3|160:8|161:8|162:6|163:56|164:9|165:4|166:13|167:3|168:6|170:6|171:2|172:29|173:15|174:2|175:8|176:3|177:4|178:3|179:9|180:23|181:10|182:11|183:18|184:5|185:15|186:12|187:21|188:7|189:11|190:3
117,emi-namba,1084,574,273,315,11:189|12:161|23:261|32:187|38:165|39:171|46:126|47:146|52:142|53:171|54:156|61:149|64:155|65:167|66:169|67:100|69:268|75:152|79:123|80:182|81:140|96:195|98:164|103:137|105:133|107:168|114:160|116:150|120:157|126:151|130:149|131:208|135:156|138:153|141:153|147:188|150:145|160:156|163:213|168:178|170:214|172:191|176:152|177:134|179:168|189:145,3:7|4:1|5:2|8:4|9:2|10:8|11:5|12:6|13:2|14:1|15:3|16:4|17:2|18:1|19:6|20:3|21:3|22:1|23:6|24:1|25:1|28:1|29:4|30:4|32:5|34:4|35:5|36:2|37:5|38:4|39:3|40:3|41:8|42:22|43:5|44:3|46:2|47:4|48:1|49:2|50:6|53:3|54:4|55:1|56:2|57:1|58:2|59:6|60:2|61:2|62:5|63:4|64:2|65:10|66:3|67:1|68:2|69:6|71:2|73:4|74:9|75:3|76:2|77:2|78:5|80:4|81:1|83:11|84:1|85:3|86:3|87:2|88:5|89:6|90:6|91:1|93:2|94:8|96:4|97:1|98:10|99:1|100:2|101:4|102:8|103:3|104:8|105:2|106:6|107:4|108:3|109:3|110:1|111:6|112:2|113:2|114:5|115:4|116:9|117:15|118:1|119:2|120:13|122:4|123:2|124:6|125:1|126:5|127:5|128:6|129:2|130:4|131:2|132:2|133:9|134:4|135:2|136:3|137:8|138:2|139:8|140:2|141:2|142:1|143:10|144:7|145:5|146:8|147:8|148:4|149:9|150:3|151:2|152:4|153:2|154:1|155:2|157:7|158:1|159:2|160:4|161:5|162:2|163:8|164:3|165:3|166:5|167:2|168:2|170:2|171:1|172:4|173:15|174:2|175:4|176:2|177:2|179:4|180:3|181:3|182:9|183:8|184:5|185:3|186:11|187:5|188:3|189:5|190:4
120,minami-nitta,10315,3111,1983,2347,11:631|12:442|23:154|32:1202|38:326|39:912|46:168|47:413|52:213|53:842|54:260|61:310|64:819|65:945|66:384|67:184|69:726|75:617|79:248|80:438|81:823|96:284|98:1446|103:531|105:301|107:279|114:520|116:237|117:157|126:299|130:392|131:1076|135:393|138:351|141:454|147:713|150:404|160:1379|163:450|168:287|170:729|172:642|176:288|177:309|179:340|189:237,1:2|2:1|3:57|4:3|5:11|7:4|8:19|9:44|10:13|11:26|12:10|13:3|15:8|16:44|17:3|18:5|19:50|20:11|21:18|22:3|23:2|24:2|25:7|26:1|27:2|28:2|29:9|30:21|32:63|34:7|35:4|36:9|37:31|38:27|39:50|40:9|41:10|42:80|43:13|44:56|45:1|46:3|47:27|48:15|49:1|50:18|52:5|53:44|54:4|55:7|56:7|57:4|58:12|59:46|60:2|61:3|62:15|63:3|64:32|65:61|66:12|67:1|68:16|69:17|70:4|71:2|72:2|73:89|74:51|75:20|76:13|77:18|78:25|79:3|80:14|81:40|83:104|84:55|85:8|86:46|87:7|88:31|89:16|90:43|91:1|92:8|93:15|94:10|95:2|96:4|97:2|98:149|99:4|100:40|101:24|102:73|103:25|104:53|105:5|106:36|107:4|108:15|109:11|110:23|111:10|112:21|113:9|114:19|115:4|116:27|118:5|119:1|120:242|121:43|122:1|123:9|124:8|125:1|126:4|127:9|128:139|129:10|130:3|131:59|132:64|133:28|134:12|135:11|136:41|137:17|138:5|139:79|140:10|141:11|142:2|143:97|144:18|145:14|146:32|147:36|148:29|149:15|150:8|152:9|153:5|154:11|155:1|157:28|158:12|159:49|160:85|161:25|162:27|163:12|164:6|165:4|166:18|167:10|168:3|169:4|170:16|171:7|172:28|173:15|175:23|176:6|177:6|178:1|179:12|180:8|181:14|182:25|183:10|184:2|185:40|186:14|187:18|188:16|189:2|190:8
126,ayame-hamaguchi,2186,1126,602,704,11:306|12:254|23:140|32:353|38:198|39:333|46:148|47:238|52:144|53:281|54:183|61:187|64:313|65:323|66:256|67:121|69:314|75:263|79:162|80:304|81:283|96:200|98:313|103:221|105:174|107:212|114:257|116:215|117:151|120:299|130:177|131:459|135:214|138:222|141:227|147:302|150:230|160:310|163:337|168:208|170:372|172:351|176:211|177:171|179:258|189:430,1:1|3:14|4:3|5:3|8:12|9:4|10:10|11:9|12:11|13:4|14:1|15:3|16:11|17:2|18:1|19:13|20:6|21:4|24:6|25:2|26:1|27:1|29:2|30:6|32:7|34:4|35:3|36:3|37:10|38:4|39:15|40:2|41:8|42:29|43:4|44:12|46:2|47:12|48:8|49:1|50:6|52:3|53:17|54:1|55:5|56:2|57:2|58:3|59:8|60:2|62:11|63:3|64:17|65:16|66:5|67:1|68:6|69:10|70:1|71:3|73:11|74:12|75:5|76:10|77:6|78:10|80:13|81:9|83:35|84:7|85:9|86:11|87:4|88:9|89:9|90:13|92:1|93:6|94:6|96:3|98:24|99:2|100:16|101:9|102:28|103:17|104:14|105:4|106:9|107:6|108:11|109:29|110:4|111:10|112:16|113:3|114:5|115:7|116:11|117:3|118:2|119:1|120:23|121:12|122:10|124:5|125:1|126:51|127:10|128:16|129:9|130:1|131:19|132:20|133:26|134:9|135:4|136:11|137:8|138:5|139:21|140:6|141:4|143:18|144:10|145:15|146:14|147:18|148:6|149:10|150:3|151:1|152:5|153:3|154:6|155:2|156:1|157:10|158:4|159:14|160:14|161:14|162:9|163:11|164:4|165:2|166:12|167:2|168:5|169:1|170:7|171:3|172:12|173:14|174:2|175:10|176:2|177:4|179:10|180:6|181:2|182:9|183:7|184:2|185:16|186:7|187:8|188:8|189:33|190:2
130,shino-hiiragi,3989,1598,886,1028,11:439|12:309|23:157|32:350|38:356|39:275|46:232|47:187|52:309|53:389|54:337|61:284|64:268|65:260|66:319|67:221|69:829|75:255|79:339|80:289|81:309|96:361|98:600|103:196|105:291|107:267|114:448|116:194|117:149|120:392|126:177|131:356|135:485|138:261|141:458|147:280|150:291|160:585|163:385|168:323|170:530|172:320|176:236|177:465|179:288|189:172,1:4|2:1|3:12|4:5|5:9|7:3|8:10|9:10|10:18|11:12|12:16|13:11|14:3|15:2|16:8|17:5|18:2|19:41|20:9|21:3|22:2|23:3|24:1|25:8|27:1|28:6|29:10|30:4|31:1|32:19|33:1|34:13|35:10|36:5|37:14|38:18|39:8|40:7|41:20|42:39|43:31|44:22|46:7|47:13|48:12|49:15|50:16|51:1|52:3|53:23|54:7|55:6|56:8|57:2|58:10|59:25|60:4|61:3|62:16|63:3|64:9|65:9|66:4|67:1|68:7|69:36|71:6|72:2|73:28|74:35|75:7|76:5|77:7|78:19|79:2|80:8|81:21|82:1|83:38|84:8|85:6|86:13|87:4|88:13|89:24|90:19|91:3|92:3|93:5|94:14|95:2|96:7|98:121|99:8|100:20|101:28|102:18|103:14|104:12|105:3|106:12|107:4|108:20|109:4|110:9|111:16|112:8|113:10|114:12|115:3|116:16|117:3|118:4|119:3|120:36|121:17|122:1|123:1|124:12|125:1|126:5|127:4|128:42|129:4|130:22|131:13|132:16|133:13|134:12|135:11|136:21|137:11|138:9|139:24|140:5|141:12|142:2|143:28|144:18|145:7|146:14|147:15|148:9|149:15|150:5|151:4|152:9|154:3|155:4|156:1|157:13|158:8|159:9|160:52|161:14|162:14|163:9|164:12|165:8|166:6|167:3|168:5|169:4|170:7|171:2|172:21|173:29|174:3|175:18|176:1|177:13|178:3|179:10|180:4|181:8|182:21|183:11|184:7|185:15|186:18|187:18|188:7|189:5|190:19
131,nagi-hisakawa,12116,5751,4178,4710,11:862|12:703|23:224|32:1919|38:462|39:1892|46:203|47:832|52:254|53:1124|54:480|61:778|64:1036|65:1431|66:506|67:156|69:1107|75:1423|79:258|80:878|81:956|96:358|98:1473|103:755|105:404|107:410|114:639|116:487|117:208|120:1076|126:459|130:356|135:383|138:504|141:527|147:1220|150:468|160:1225|163:1168|168:667|170:1702|172:1991|176:473|177:350|179:429|189:408,1:2|2:1|3:76|4:7|5:49|7:5|8:49|9:18|10:33|11:23|12:26|13:4|14:3|15:19|16:85|17:12|18:6|19:117|20:66|21:31|22:2|23:11|24:11|25:6|26:7|27:1|28:4|29:11|30:9|31:1|32:100|33:1|34:18|35:17|36:13|37:101|38:19|39:105|40:20|41:12|42:116|43:13|44:112|45:1|46:1|47:79|48:41|49:2|50:27|52:8|53:53|54:14|55:8|56:14|57:7|58:10|59:73|60:3|61:5|62:81|63:15|64:47|65:86|66:17|67:1|68:24|69:21|70:4|71:7|72:3|73:79|74:107|75:59|76:26|77:65|78:45|79:4|80:35|81:48|83:171|84:86|85:8|86:56|87:26|88:65|89:76|90:75|92:2|93:48|94:21|95:2|96:6|97:2|98:131|99:8|100:63|101:33|102:109|103:56|104:113|105:7|106:78|107:10|108:34|109:30|110:17|111:17|112:38|113:19|114:25|115:16|116:58|117:4|118:1|119:2|120:79|121:81|122:3|123:10|124:7|125:1|126:17|127:55|128:98|129:23|130:3|131:328|132:279|133:41|134:33|135:27|136:60|137:34|138:8|139:86|140:62|141:10|142:1|143:139|144:71|145:31|146:50|147:95|148:26|149:18|150:9|151:2|152:6|153:5|154:27|155:3|156:6|157:17|158:8|159:41|160:67|161:41|162:58|163:51|164:10|165:29|166:32|167:14|168:6|169:6|170:50|171:12|172:185|173:48|174:1|175:32|176:15|177:11|178:1|179:15|180:22|181:73|182:85|183:17|184:5|185:93|186:30|187:63|188:23|189:19|190:8
135,rena-hyodo,3541,1568,800,956,11:519|12:303|23:155|32:441|38:368|39:332|46:200|47:224|52:319|53:402|54:323|61:285|64:281|65:301|66:480|67:253|69:648|75:267|79:372|80:287|81:319|96:334|98:457|103:226|105:323|107:311|114:429|116:212|117:156|120:393|126:214|130:485|131:383|138:278|141:410|147:287|150:322|160:495|163:423|168:309|170:533|172:308|176:286|177:489|179:313|189:184,1:2|2:3|3:23|4:5|5:3|6:3|7:3|8:13|9:8|10:21|11:20|12:13|13:7|14:1|15:8|16:17|17:1|18:3|19:28|20:7|21:9|22:3|23:3|24:2|25:5|26:2|28:6|29:13|30:6|31:1|32:16|34:4|35:6|36:3|37:10|38:11|39:15|40:19|41:13|42:41|43:21|44:17|46:3|47:8|48:10|49:9|50:7|51:1|52:2|53:27|54:6|55:7|56:8|57:2|58:5|59:25|60:4|61:5|62:13|63:7|64:13|65:23|66:10|67:1|68:6|69:16|70:2|71:2|72:1|73:18|74:33|75:11|76:1|77:7|78:18|79:3|80:5|81:14|82:2|83:36|84:17|85:4|86:21|87:4|88:13|89:15|90:17|91:1|92:2|93:7|94:13|96:7|98:49|99:5|100:15|101:20|102:19|103:17|104:13|105:5|106:11|107:3|108:19|109:5|110:7|111:13|112:14|113:11|114:10|115:4|116:14|117:1|118:1|119:4|120:37|121:12|122:2|123:4|124:10|125:1|126:4|127:7|128:50|129:10|130:8|131:13|132:16|133:13|134:14|135:28|136:22|137:10|138:6|139:21|140:7|141:9|142:2|143:45|144:12|145:14|146:16|147:12|148:15|149:12|150:9|151:2|152:11|153:4|154:7|155:1|156:3|157:21|158:2|159:22|160:40|161:20|162:14|163:20|164:12|165:12|166:11|167:3|168:5|169:6|170:6|171:5|172:13|173:8|174:2|175:36|176:2|177:7|179:13|180:4|181:9|182:11|183:9|184:5|185:11|186:10|187:13|188:12|189:4|190:13
138,rina-fujimoto,3576,1818,1099,1246,11:344|12:297|23:163|32:658|38:278|39:393|46:162|47:254|52:217|53:467|54:234|61:269|64:289|65:356|66:321|67:150|69:662|75:345|79:188|80:397|81:392|96:386|98:403|103:357|105:266|107:230|114:282|116:243|117:153|120:351|126:222|130:261|131:504|135:278|141:279|147:544|150:545|160:384|163:410|168:342|170:452|172:411|176:213|177:282|179:488|189:211,2:3|3:14|4:2|5:7|7:2|8:13|9:9|10:16|11:10|12:13|13:6|15:5|16:11|17:2|18:4|19:31|20:15|21:10|23:2|24:2|25:4|26:1|27:4|29:9|30:4|31:3|32:31|33:3|34:10|35:4|36:4|37:20|38:8|39:15|40:6|41:7|42:39|43:9|44:11|46:3|47:12|48:6|49:6|50:47|51:1|52:3|53:26|54:12|55:4|56:6|57:5|58:4|59:18|60:1|61:4|62:13|63:14|64:7|65:16|66:11|67:1|68:7|69:22|70:3|71:7|72:2|73:11|74:31|75:7|76:6|77:4|78:17|79:1|80:8|81:14|82:1|83:44|84:15|85:4|86:31|87:8|88:15|89:21|90:22|91:1|92:2|93:13|94:12|95:2|96:10|97:3|98:25|99:3|100:12|101:18|102:20|103:158|104:13|106:15|107:3|108:16|109:8|110:4|111:6|112:9|113:12|114:15|115:3|116:22|117:3|118:4|119:2|120:17|121:21|122:1|123:4|124:6|125:1|126:2|127:20|128:33|129:9|130:5|131:17|132:22|133:14|134:8|135:6|136:30|137:17|138:39|139:12|140:6|141:5|142:1|143:26|144:18|145:9|146:24|147:29|148:7|149:18|150:23|151:3|152:5|153:8|154:9|155:7|156:1|157:12|158:6|159:8|160:13|161:10|162:16|163:11|164:37|165:5|166:16|167:7|168:2|170:7|171:3|172:25|173:24|175:18|176:3|177:6|178:2|179:16|180:11|181:5|182:15|183:6|184:3|185:11|186:17|187:18|188:7|189:4|190:11
141,yoriko-furusawa,4957,2051,1113,1312,11:718|12:515|23:166|32:522|38:646|39:408|46:375|47:275|52:330|53:437|54:410|61:415|64:383|65:393|66:459|67:238|69:732|75:358|79:293|80:364|81:363|96:339|98:499|103:239|105:379|107:496|114:502|116:248|117:153|120:454|126:227|130:458|131:527|135:410|138:279|147:332|150:280|160:531|163:570|168:399|170:874|172:423|176:358|177:398|179:296|189:225,1:4|3:26|4:8|5:4|7:5|8:19|9:7|10:19|11:29|12:29|13:5|14:8|15:16|16:20|17:21|18:1|19:33|20:10|21:4|22:2|23:5|24:3|25:11|26:2|27:1|28:3|29:10|30:10|31:1|32:28|34:5|35:8|36:9|37:19|38:20|39:17|40:5|41:41|42:40|43:10|44:32|45:1|46:8|47:22|48:19|49:10|50:7|52:1|53:36|54:8|55:7|56:10|57:7|58:9|59:17|60:3|61:8|62:22|63:8|64:12|65:28|66:9|67:1|68:13|69:22|70:1|71:7|72:3|73:81|74:34|75:12|76:11|77:21|78:12|79:1|80:7|81:17|83:52|84:16|85:7|86:20|87:3|88:24|89:20|90:11|91:2|92:5|93:11|94:14|95:2|96:3|97:3|98:42|99:3|100:25|101:26|102:35|103:10|104:29|105:5|106:17|107:5|108:16|109:8|110:7|111:14|112:12|113:15|114:7|115:21|116:34|117:2|118:5|119:3|120:41|121:21|122:4|123:2|124:10|125:2|126:10|127:8|128:34|129:13|130:5|131:26|132:26|133:17|134:12|135:12|136:18|137:18|138:7|139:54|140:6|141:41|142:1|143:40|144:18|145:15|146:19|147:17|148:26|149:13|150:4|151:1|152:10|153:2|154:6|155:2|156:3|157:14|158:7|159:31|160:35|161:27|162:12|163:16|164:3|165:2|166:17|167:4|168:4|169:3|170:19|171:11|172:27|173:19|174:5|175:54|176:8|177:6|178:1|179:21|180:9|181:13|182:11|183:8|184:11|185:30|186:20|187:19|188:16|189:12|190:14
147,miku-maekawa,6069,2925,1939,2203,11:521|12:450|23:161|32:991|38:333|39:794|46:187|47:477|52:195|53:600|54:296|61:404|64:606|65:861|66:339|67:156|69:676|75:696|79:195|80:540|81:592|96:281|98:828|103:776|105:306|107:289|114:397|116:258|117:188|120:713|126:302|130:280|131:1220|135:287|138:544|141:332|150:346|160:671|163:537|168:383|170:748|172:844|176:304|177:275|179:351|189:280,1:1|2:1|3:29|4:2|5:15|6:1|7:4|8:37|9:12|10:35|11:20|12:17|13:6|14:1|15:12|16:41|17:6|18:2|19:45|20:31|21:12|23:3|24:2|25:5|26:1|27:1|28:3|29:10|30:7|31:1|32:36|34:6|35:5|36:3|37:42|38:11|39:33|40:6|41:19|42:69|43:8|44:46|46:3|47:27|48:19|49:3|50:19|52:1|53:23|54:4|55:9|56:5|57:3|58:6|59:27|60:3|61:8|62:40|63:7|64:21|65:47|66:7|67:1|68:13|69:12|70:3|71:11|72:1|73:28|74:48|75:20|76:13|77:23|78:19|79:2|80:14|81:22|83:87|84:56|85:7|86:20|87:15|88:16|89:25|90:35|92:3|93:22|94:21|95:2|96:6|97:1|98:73|99:2|100:31|101:39|102:56|103:96|104:32|105:5|106:44|107:4|108:16|109:14|110:10|111:11|112:18|113:9|114:4|115:8|116:34|117:1|118:5|119:1|120:43|121:42|122:2|123:6|124:5|125:1|126:8|127:17|128:45|129:11|131:56|132:53|133:29|134:12|135:12|136:33|137:16|138:5|139:29|140:22|141:8|142:1|143:45|144:22|145:15|146:38|147:242|148:17|149:13|150:8|151:1|152:6|153:5|154:15|155:4|156:1|157:17|158:4|159:19|160:23|161:28|162:26|163:14|164:14|165:11|166:14|167:3|168:4|169:4|170:17|171:7|172:49|173:32|174:3|175:25|176:1|177:6|179:14|180:16|181:19|182:27|183:16|184:2|185:35|186:15|187:27|188:13|189:9|190:10
150,ryo-matsunaga,3448,1598,918,1046,11:313|12:285|23:142|32:498|38:225|39:361|46:147|47:228|52:233|53:528|54:205|61:222|64:299|65:324|66:296|67:178|69:640|75:295|79:215|80:306|81:417|96:343|98:466|103:295|105:208|107:218|114:264|116:232|117:145|120:404|126:230|130:291|131:468|135:322|138:545|141:280|147:346|160:433|163:349|168:243|170:397|172:394|176:194|177:257|179:541|189:187,2:1|3:13|4:1|5:4|6:2|7:1|8:12|9:9|10:11|11:13|12:9|13:3|15:2|16:8|17:3|19:26|20:10|21:4|22:1|23:4|24:3|25:5|26:2|27:2|28:2|29:7|30:5|31:1|32:22|34:5|35:7|36:4|37:7|38:11|39:15|40:7|41:6|42:44|43:10|44:21|46:1|47:12|48:4|49:5|50:49|52:3|53:32|54:5|55:2|56:5|57:1|58:10|59:21|60:3|61:1|62:12|63:4|64:4|65:18|66:8|67:1|68:13|69:17|70:1|71:4|72:2|73:18|74:24|75:8|76:5|77:3|78:15|79:1|80:7|81:26|83:37|84:14|85:4|86:23|87:7|88:9|89:40|90:37|91:1|92:2|93:9|94:8|95:2|96:9|98:57|99:2|100:10|101:18|102:13|103:32|104:11|105:1|106:5|107:3|108:11|109:4|110:4|111:11|112:3|113:7|114:7|115:3|116:15|117:1|118:1|119:1|120:39|121:16|122:1|123:3|124:4|125:1|126:4|127:10|128:50|129:5|130:2|131:22|132:24|133:17|134:12|135:12|136:21|137:12|138:18|139:16|140:7|141:10|142:1|143:34|144:28|145:6|146:21|147:22|148:9|149:9|150:47|152:5|153:10|154:6|155:4|156:3|157:9|158:4|159:6|160:19|161:6|162:19|163:7|164:27|166:13|167:4|168:3|170:6|171:2|172:23|173:17|174:1|175:16|176:2|177:8|179:24|180:9|181:5|182:12|183:4|184:6|185:8|186:8|187:16|188:8|189:8|190:5
160,miyu-mifune,9057,3585,2379,2706,11:718|12:524|23:163|32:1224|38:380|39:946|46:173|47:451|52:241|53:910|54:321|61:367|64:782|65:936|66:426|67:195|69:881|75:666|79:356|80:502|81:723|96:298|98:1510|103:449|105:327|107:296|114:593|116:252|117:156|120:1379|126:310|130:585|131:1225|135:495|138:384|141:531|147:671|150:433|163:496|168:318|170:864|172:799|176:287|177:420|179:379|189:252,1:2|2:2|3:59|4:4|5:15|7:4|8:20|9:21|10:27|11:24|12:19|13:6|14:1|15:10|16:56|17:1|18:5|19:68|20:25|21:26|22:3|23:3|24:5|25:5|26:2|27:1|28:3|29:17|30:14|32:72|34:9|35:2|36:5|37:48|38:29|39:55|40:11|41:18|42:94|43:26|44:64|45:2|46:3|47:23|48:21|49:4|50:17|52:4|53:58|54:3|55:8|56:10|57:7|58:21|59:60|60:5|61:4|62:22|63:5|64:34|65:60|66:11|67:1|68:22|69:22|70:4|71:4|72:5|73:112|74:70|75:29|76:12|77:28|78:45|79:2|80:18|81:34|83:114|84:48|85:5|86:44|87:8|88:43|89:28|90:45|91:2|92:6|93:12|94:16|95:2|96:4|98:193|99:6|100:59|101:33|102:75|103:30|104:60|105:5|106:25|107:4|108:17|109:17|110:29|111:12|112:21|113:13|114:25|115:8|116:30|118:2|119:3|120:116|121:47|122:2|123:9|124:17|125:2|126:9|127:14|128:115|129:11|130:8|131:64|132:73|133:25|134:21|135:17|136:46|137:18|138:8|139:94|140:10|141:11|143:115|144:33|145:11|146:27|147:36|148:33|149:28|150:9|151:1|152:10|153:4|154:12|155:4|156:7|157:28|158:14|159:45|160:224|161:34|162:27|163:11|164:8|165:6|166:13|167:7|168:1|169:5|170:22|171:12|172:61|173:22|174:2|175:36|176:8|177:11|178:1|179:19|180:9|181:23|182:36|183:13|184:3|185:51|186:15|187:26|188:13|189:7|190:31
163,sana-miyoshi,9101,3114,1830,2245,11:818|12:528|23:243|32:660|38:515|39:679|46:315|47:543|52:358|53:587|54:517|61:713|64:395|65:573|66:550|67:189|69:1093|75:625|79:284|80:546|81:412|96:488|98:541|103:428|105:371|107:500|114:643|116:748|117:213|120:450|126:337|130:385|131:1168|135:423|138:410|141:570|147:537|150:349|160:496|168:672|170:1270|172:912|176:540|177:389|179:379|189:348,1:1|2:3|3:30|4:6|5:26|7:4|8:31|9:12|10:41|11:25|12:38|13:8|14:5|15:12|16:20|17:26|18:4|19:55|20:47|21:9|22:2|23:7|24:10|25:7|26:4|27:2|28:5|29:10|30:19|32:29|33:1|34:9|35:9|36:14|37:39|38:11|39:39|40:8|41:24|42:70|43:6|44:49|45:1|46:5|47:52|48:29|49:5|50:22|51:1|52:4|53:29|54:10|55:10|56:10|57:2|58:5|59:36|60:2|61:9|62:56|63:34|64:18|65:41|66:13|67:1|68:16|69:17|70:2|71:12|72:3|73:32|74:50|75:29|76:14|77:42|78:26|79:1|80:22|81:21|82:1|83:74|84:26|85:9|86:35|87:10|88:44|89:44|90:36|92:3|93:33|94:29|95:1|96:7|97:2|98:32|99:2|100:22|101:29|102:58|103:35|104:53|105:4|106:27|107:5|108:19|109:14|110:4|111:15|112:20|113:24|114:22|115:13|116:97|117:4|118:3|119:2|120:42|121:55|122:3|123:2|124:9|125:1|126:11|127:49|128:49|129:13|130:4|131:74|132:57|133:35|134:31|135:12|136:35|137:27|138:10|139:47|140:51|141:10|142:1|143:47|144:63|145:27|146:31|147:40|148:22|149:20|150:5|151:3|152:8|153:8|154:25|155:2|156:5|157:10|158:7|159:16|160:27|161:21|162:19|163:88|164:10|165:17|166:20|167:6|168:5|169:3|170:26|171:8|172:106|173:40|174:4|175:25|176:11|177:9|178:6|179:11|180:21|181:42|182:38|183:18|184:12|185:41|186:36|187:39|188:15|189:18|190:7
168,mary-cochran,4425,2052,1213,1400,11:451|12:282|23:181|32:531|38:382|39:429|46:221|47:294|52:302|53:370|54:528|61:787|64:301|65:317|66:374|67:187|69:771|75:710|79:249|80:387|81:293|96:413|98:373|103:244|105:401|107:307|114:364|116:301|117:178|120:287|126:208|130:323|131:667|135:309|138:342|141:399|147:383|150:243|160:318|163:672|170:1062|172:494|176:306|177:362|179:264|189:220,1:1|2:1|3:14|4:6|5:30|7:1|8:27|9:3|10:18|11:14|12:12|13:2|14:2|15:9|16:12|17:10|18:1|19:40|20:42|21:9|23:4|24:7|25:3|26:2|27:4|28:1|29:4|30:8|31:1|32:28|33:2|34:14|35:4|36:3|37:28|38:8|39:15|40:6|41:5|42:26|43:3|44:29|46:4|47:21|48:11|49:3|50:7|51:2|52:2|53:18|54:15|55:1|56:9|58:5|59:17|60:4|61:26|62:26|63:7|64:7|65:14|66:10|67:1|68:14|69:20|71:4|72:2|73:13|74:35|75:55|76:21|77:46|78:24|79:2|80:7|81:14|83:40|84:15|85:4|86:23|87:29|88:16|89:29|90:10|92:2|93:16|94:12|95:1|96:13|98:25|99:2|100:7|101:20|102:20|103:12|104:62|105:4|106:15|107:1|108:10|109:8|110:4|111:13|112:9|113:19|114:13|115:16|116:28|117:3|118:1|119:1|120:20|121:24|123:7|124:5|125:1|126:7|127:16|128:15|129:2|130:2|131:36|132:31|133:13|134:8|135:13|136:30|137:18|138:5|139:17|140:25|141:8|142:1|143:16|144:16|145:10|146:19|147:23|148:8|149:11|150:7|151:2|152:9|153:3|154:38|155:5|156:2|157:10|158:5|159:12|160:12|161:10|162:26|163:23|164:6|165:6|166:11|167:5|168:29|169:2|170:27|171:3|172:36|173:31|174:8|175:13|176:2|177:5|178:1|179:6|180:19|181:39|182:26|183:21|184:3|185:28|186:32|187:37|188:9|189:6|190:3
170,hijiri-mochizuki,12061,4715,3049,3665,11:1269|12:541|23:219|32:1141|38:741|39:1053|46:291|47:603|52:416|53:784|54:829|61:1116|64:734|65:846|66:648|67:246|69:1479|75:1056|79:362|80:768|81:606|96:524|98:962|103:477|105:593|107:538|114:895|116:393|117:214|120:729|126:372|130:530|131:1702|135:533|138:452|141:874|147:748|150:397|160:864|163:1270|168:1062|172:1191|176:602|177:588|179:402|189:349,1:3|2:2|3:68|4:15|5:37|7:6|8:64|9:22|10:40|11:30|12:19|13:14|15:36|16:52|17:12|18:2|19:90|20:63|21:27|23:10|24:20|25:14|26:4|27:7|28:7|29:17|30:15|31:1|32:53|33:3|34:28|35:18|36:21|37:95|38:22|39:78|40:11|41:15|42:100|43:16|44:68|45:1|46:9|47:66|48:39|49:6|50:18|51:1|52:4|53:45|54:20|55:11|56:27|57:6|58:14|59:62|60:5|61:34|62:50|63:11|64:50|65:68|66:14|67:1|68:45|69:31|70:5|71:13|72:5|73:69|74:90|75:71|76:34|77:101|78:45|79:1|80:40|81:39|83:137|84:61|85:12|86:34|87:17|88:77|89:66|90:51|91:1|92:6|93:33|94:50|95:2|96:9|97:2|98:100|99:7|100:57|101:43|102:88|103:41|104:96|105:10|106:46|107:7|108:31|109:22|110:23|111:35|112:39|113:24|114:26|115:46|116:36|117:2|118:3|119:2|120:54|121:60|122:4|123:11|124:11|125:2|126:17|127:28|128:81|129:18|130:3|131:139|132:118|133:33|134:17|135:30|136:51|137:43|138:8|139:101|140:42|141:18|142:1|143:103|144:55|145:17|146:47|147:62|148:30|149:39|150:12|151:4|152:9|153:9|154:25|155:3|156:3|157:23|158:12|159:52|160:54|161:39|162:45|163:32|164:6|165:25|166:29|167:10|168:14|169:11|170:88|171:16|172:111|173:39|174:7|175:36|176:12|177:15|178:3|179:18|180:17|181:88|182:56|183:25|184:5|185:104|186:54|187:56|188:28|189:22|190:10
172,nono-morikubo,8224,3797,2629,3020,11:649|12:619|23:223|32:1063|38:388|39:989|46:192|47:668|52:252|53:708|54:441|61:565|64:608|65:830|66:372|67:139|69:988|75:920|79:205|80:663|81:625|96:345|98:913|103:550|105:317|107:346|114:457|116:417|117:191|120:642|126:351|130:320|131:1991|135:308|138:411|141:423|147:844|150:394|160:799|163:912|168:494|170:1191|176:356|177:312|179:442|189:319,2:1|3:41|4:5|5:21|7:5|8:34|9:19|10:26|11:25|12:31|13:6|15:17|16:28|17:11|18:3|19:52|20:41|21:12|23:6|24:6|25:7|26:1|27:3|28:4|29:10|30:9|31:1|32:35|33:1|34:20|35:11|36:16|37:59|38:17|39:44|40:8|41:10|42:68|43:12|44:66|46:4|47:62|48:29|49:2|50:16|51:1|52:2|53:31|54:6|55:9|56:6|57:7|58:5|59:29|60:4|61:7|62:82|63:9|64:20|65:57|66:13|67:1|68:12|69:19|70:2|71:7|72:3|73:49|74:101|75:40|76:10|77:56|78:34|80:21|81:22|82:1|83:103|84:43|85:9|86:16|87:14|88:75|89:65|90:42|92:2|93:25|94:48|95:1|96:4|97:2|98:83|99:8|100:29|101:34|102:49|103:28|104:55|105:7|106:43|107:4|108:19|109:14|110:9|111:18|112:22|113:11|114:16|115:13|116:31|117:1|118:1|119:1|120:31|121:45|122:5|123:8|124:11|125:1|126:7|127:60|128:49|129:10|130:5|131:126|132:103|133:25|134:20|135:13|136:39|137:27|138:6|139:43|140:37|141:10|142:2|143:50|144:118|145:18|146:29|147:57|148:14|149:22|150:6|151:1|152:6|153:2|154:17|155:3|156:1|157:8|158:6|159:30|160:34|161:31|162:28|163:38|164:15|165:18|166:17|167:8|168:4|169:1|170:24|171:4|172:306|173:48|174:5|175:26|176:6|177:9|178:3|179:22|180:15|181:46|182:55|183:19|184:2|185:49|186:30|187:33|188:13|189:9|190:16
176,miu-yaguchi,3088,1308,578,624,11:575|12:274|23:181|32:340|38:377|39:352|46:220|47:351|52:239|53:318|54:297|61:320|64:264|65:395|66:353|67:175|69:451|75:271|79:211|80:342|81:225|96:291|98:292|103:245|105:312|107:353|114:463|116:240|117:152|120:288|126:211|130:236|131:473|135:286|138:213|141:358|147:304|150:194|160:287|163:540|168:306|170:602|172:356|177:255|179:211|189:209,2:2|3:26|4:7|5:7|6:1|7:6|8:16|9:6|10:9|11:16|12:17|13:5|14:3|15:3|16:24|17:4|18:1|19:13|20:5|21:33|22:1|23:5|24:5|25:8|26:1|27:1|29:4|30:12|32:16|33:1|34:5|35:9|36:6|37:28|38:7|39:18|40:3|41:8|42:30|43:3|44:12|45:1|46:1|47:46|48:11|49:1|50:6|51:1|52:2|53:9|54:6|55:5|56:4|57:2|58:4|59:14|60:2|61:3|62:19|63:4|64:9|65:21|66:10|67:1|68:14|69:9|70:1|71:5|72:1|73:12|74:14|75:9|76:7|77:10|78:14|79:1|80:10|81:10|82:2|83:40|84:16|85:5|86:15|87:4|88:15|89:10|90:17|92:3|93:8|94:13|95:1|96:3|97:2|98:18|99:2|100:14|101:12|102:35|103:11|104:17|105:3|106:12|107:8|108:9|109:15|110:11|111:13|112:17|113:16|114:18|115:10|116:21|117:2|118:2|119:3|120:31|121:14|122:4|123:4|124:4|125:1|126:5|127:14|128:17|129:12|130:2|131:30|132:31|133:12|134:7|135:8|136:23|137:12|138:6|139:30|140:6|141:12|142:1|143:22|144:11|145:9|146:42|147:19|148:8|149:16|150:5|151:2|152:2|153:17|154:6|155:3|156:3|157:6|158:8|159:14|160:20|161:20|162:10|163:30|164:6|165:12|166:10|167:5|168:1|169:3|170:13|171:7|172:29|173:11|174:5|175:15|176:19|177:4|178:2|179:3|180:8|181:4|182:14|183:9|184:5|185:23|186:17|187:11|188:17|189:11|190:4
177,kiyora-yanagi,3134,1497,803,951,11:449|12:256|23:156|32:347|38:368|39:280|46:201|47:216|52:283|53:324|54:384|61:319|64:239|65:223|66:332|67:200|69:782|75:258|79:340|80:333|81:259|96:345|98:371|103:186|105:364|107:275|114:372|116:190|117:134|120:309|126:171|130:465|131:350|135:489|138:282|141:398|147:275|150:257|160:420|163:389|168:362|170:588|172:312|176:255|179:271|189:146,1:2|2:2|3:22|4:3|5:9|7:4|8:15|9:8|10:16|11:16|12:7|13:6|14:2|15:8|16:8|17:5|18:2|19:31|20:8|21:8|23:3|24:2|25:7|27:4|28:3|29:13|30:4|32:13|34:14|35:12|36:6|37:12|38:10|39:11|40:13|41:12|42:28|43:15|44:13|46:2|47:18|48:4|49:8|50:9|51:1|53:27|54:12|55:6|56:10|58:6|59:24|60:5|61:3|62:14|63:8|64:10|65:10|66:3|67:1|68:9|69:36|71:5|73:19|74:34|75:10|76:3|77:10|78:16|79:1|80:7|81:8|82:1|83:25|84:12|85:4|86:20|87:3|88:13|89:23|90:19|91:1|92:2|93:8|94:16|96:8|97:1|98:42|99:3|100:13|101:17|102:17|103:16|104:12|105:4|106:18|107:3|108:13|109:6|110:13|111:12|112:9|113:10|114:13|115:3|116:13|117:2|118:3|119:2|120:27|121:13|122:2|123:2|124:7|125:1|126:4|127:9|128:28|129:7|130:9|131:26|132:22|133:13|134:7|135:16|136:17|137:15|138:9|139:23|140:7|141:9|142:1|143:22|144:20|145:11|146:10|147:9|148:9|149:14|150:8|151:4|152:9|153:4|154:4|155:2|156:1|157:16|158:2|159:15|160:31|161:18|162:11|163:10|164:6|165:42|166:15|167:4|169:9|170:8|171:6|172:27|173:23|174:4|175:24|176:1|177:20|179:14|180:4|181:10|182:17|183:9|184:7|185:13|186:14|187:13|188:8|189:3|190:10
179,aki-yamato,2960,1432,771,890,11:287|12:311|23:180|32:424|38:252|39:317|46:181|47:241|52:234|53:426|54:252|61:230|64:273|65:303|66:293|67:149|69:619|75:283|79:193|80:343|81:343|96:352|98:397|103:284|105:223|107:237|114:280|116:256|117:168|120:340|126:258|130:288|131:429|135:313|138:488|141:296|147:351|150:541|160:379|163:379|168:264|170:402|172:442|176:211|177:271|189:240,1:2|2:2|3:13|4:3|5:6|6:2|7:3|8:19|9:6|10:13|11:10|12:6|13:4|14:1|15:4|16:12|17:3|18:2|19:26|20:12|21:5|22:1|23:2|24:2|25:4|27:2|28:2|29:12|30:5|31:2|32:21|33:1|34:17|35:8|36:2|37:14|38:10|39:11|40:10|41:11|42:33|43:7|44:14|46:1|47:11|48:5|49:6|50:31|52:6|53:31|54:6|55:5|56:6|57:7|59:15|60:2|61:4|62:18|63:6|64:7|65:25|66:8|67:1|68:10|69:27|70:2|71:1|72:2|73:16|74:20|75:7|76:1|77:6|78:16|80:11|81:15|82:1|83:35|84:15|85:8|86:10|87:6|88:9|89:18|90:17|91:2|92:2|93:9|94:8|95:1|96:13|97:2|98:44|99:2|100:12|101:14|102:17|103:17|104:9|105:3|106:8|107:2|108:15|109:6|110:5|111:12|112:9|113:7|114:11|115:3|116:15|117:2|118:2|119:1|120:31|121:19|122:3|123:5|124:5|125:1|126:10|127:9|128:42|129:6|130:2|131:18|132:20|133:21|134:18|135:11|136:15|137:13|138:17|139:14|140:4|141:17|142:2|143:21|144:25|145:6|146:16|147:17|148:10|149:16|150:20|151:1|152:9|153:5|154:7|155:2|156:4|157:8|158:2|159:9|160:21|161:11|162:16|163:12|164:31|165:5|166:14|167:4|168:1|169:1|170:6|171:4|172:44|173:20|174:3|175:18|176:1|177:6|179:59|180:6|181:7|182:12|183:8|184:4|185:18|186:14|187:14|188:5|189:10|190:5
189,tamami-wakiyama,2068,1034,527,633,11:276|12:247|23:131|32:291|38:213|39:364|46:151|47:252|52:165|53:237|54:208|61:247|64:275|65:334|66:198|67:107|69:298|75:272|79:141|80:290|81:243|96:194|98:248|103:246|105:168|107:200|114:235|116:251|117:145|120:237|126:430|130:172|131:408|135:184|138:211|141:225|147:280|150:187|160:252|163:348|168:220|170:349|172:319|176:209|177:146|179:240,3:10|4:4|5:2|8:13|9:5|10:9|11:6|12:11|13:2|14:2|15:1|16:6|17:4|19:10|20:11|21:8|23:3|24:5|25:3|26:3|28:3|29:3|30:6|31:1|32:9|34:10|35:3|36:5|37:13|38:5|39:14|40:4|41:11|42:26|43:2|44:9|46:4|47:8|48:5|49:2|50:7|52:4|53:9|54:7|55:2|56:4|57:1|58:1|59:12|61:6|62:12|63:4|64:14|65:28|66:5|67:1|68:6|69:7|70:4|71:1|73:9|74:10|75:7|76:4|77:8|78:6|79:1|80:11|81:10|82:1|83:30|84:8|85:9|86:10|87:3|88:8|89:10|90:16|92:1|93:6|94:5|98:21|100:9|101:7|102:25|103:12|104:15|105:1|106:8|107:5|108:8|109:28|110:2|111:4|112:11|113:2|114:9|115:8|116:23|118:1|119:1|120:21|121:10|122:7|123:3|124:5|125:1|126:27|127:13|128:13|129:9|131:14|132:14|133:24|134:6|135:4|136:14|137:8|138:1|139:22|140:5|141:2|143:18|144:10|145:7|146:11|147:23|148:3|149:9|150:4|152:3|153:2|154:3|155:2|156:1|157:8|158:4|159:9|160:11|161:10|162:4|163:16|164:3|165:6|166:10|167:1|168:4|170:8|171:3|172:16|173:4|174:2|175:8|176:5|177:1|179:7|180:10|181:10|182:6|183:8|184:3|185:21|186:6|187:12|188:7|189:59|190:4
